year,no,instruction,input,result,isAnswerable,isMultipleChoice,isSingleChoiceSolution,note
tha,1,จงเลือกประเภทความสัมพันธ์ของ 2 ประโยคนี้\n ประโยคที่ 1: ฉันไม่ได้คิดเรื่องนั้นด้วยซ้ำ แต่ฉันรู้สึกหงุดหงิดมาก และสุดท้ายฉันก็ได้คุยกับเขาอีกครั้ง\nประโยคที่ 2: ฉันไม่ได้คุยกับเขาอีกแล้ว,(1) entailment\n(2) neutral\n(3) contradiction,(3) คือคำตอบที่ถูกต้เอง,TRUE,TRUE,TRUE,
tha,2,จงเลือกประเภทความสัมพันธ์ของ 2 ประโยคนี้\n ประโยคที่ 1: ฉันไม่ได้คิดเรื่องนั้นด้วยซ้ำ แต่ฉันรู้สึกหงุดหงิดมาก และสุดท้ายฉันก็ได้คุยกับเขาอีกครั้ง\nประโยคที่ 2: ฉันอารมณ์เสียมากจนเพิ่งเริ่มคุยกับเขาอีกครั้ง,(1) entailment\n(2) neutral\n(3) contradiction,(1) คือคำตอบที่ถูกต้เอง,TRUE,TRUE,TRUE,
tha,3,จงเลือกประเภทความสัมพันธ์ของ 2 ประโยคนี้\n ประโยคที่ 1: ฉันไม่ได้คิดเรื่องนั้นด้วยซ้ำ แต่ฉันรู้สึกหงุดหงิดมาก และสุดท้ายฉันก็ได้คุยกับเขาอีกครั้ง\nประโยคที่ 2: เรามีการพูดคุยที่ดี,(1) entailment\n(2) neutral\n(3) contradiction,(2) คือคำตอบที่ถูกต้เอง,TRUE,TRUE,TRUE,
tha,4,จงเลือกประเภทความสัมพันธ์ของ 2 ประโยคนี้\n ประโยคที่ 1: และฉันคิดว่านั่นเป็นสิทธิพิเศษ และยังคง ก็ยังคง ฉันเป็น Ex-O สองและสองเพียงเก้าคน ซึ่งเป็นสนามอาชีพกองทัพอากาศ AFFC ของฉัน\nประโยคที่ 2: ฉันไม่รู้ว่าวันนั้นฉันไม่ใช่คนเดียวที่ลงสนาม,(1) entailment\n(2) neutral\n(3) contradiction,(2) คือคำตอบที่ถูกต้เอง,TRUE,TRUE,TRUE,
tha,5,จงเลือกประเภทความสัมพันธ์ของ 2 ประโยคนี้\n ประโยคที่ 1: และฉันคิดว่านั่นเป็นสิทธิพิเศษ และยังคง ก็ยังคง ฉันเป็น Ex-O สองและสองเพียงเก้าคน ซึ่งเป็นสนามอาชีพกองทัพอากาศ AFFC ของฉัน\nประโยคที่ 2: ฉันรู้สึกว่าฉันเป็นคนเดียวที่มีหมายเลขนั้นที่สนาม AFFC Air Force Career,(1) entailment\n(2) neutral\n(3) contradiction,(1) คือคำตอบที่ถูกต้เอง,TRUE,TRUE,TRUE,
tha,6,จงเลือกประเภทความสัมพันธ์ของ 2 ประโยคนี้\n ประโยคที่ 1: และฉันคิดว่านั่นเป็นสิทธิพิเศษ และยังคง ก็ยังคง ฉันเป็น Ex-O สองและสองเพียงเก้าคน ซึ่งเป็นสนามอาชีพกองทัพอากาศ AFFC ของฉัน\nประโยคที่ 2: เราทุกคนได้รับหมายเลขเดียวกันไม่ว่าจะได้รับสิทธิพิเศษอะไรก็ตาม มันเป็นเรื่องโกหก,(1) entailment\n(2) neutral\n(3) contradiction,(3) คือคำตอบที่ถูกต้เอง,TRUE,TRUE,TRUE,
tha,7,จงเลือกประเภทความสัมพันธ์ของ 2 ประโยคนี้\n ประโยคที่ 1: พวกเขาบอกฉันว่า เอ่อ ฉันจะถูกเรียกเป็นผู้ชายในตอนท้ายเพื่อให้ฉันได้เจอ\nประโยคที่ 2: ฉันไม่เคยบอกอะไรเกี่ยวกับการพบปะใครเลย,(1) entailment\n(2) neutral\n(3) contradiction,(3) คือคำตอบที่ถูกต้เอง,TRUE,TRUE,TRUE,
tha,8,จงเลือกประเภทความสัมพันธ์ของ 2 ประโยคนี้\n ประโยคที่ 1: พวกเขาบอกฉันว่า เอ่อ ฉันจะถูกเรียกเป็นผู้ชายในตอนท้ายเพื่อให้ฉันได้เจอ\nประโยคที่ 2: ฉันบอกว่าผู้ชายจะถูกเรียกให้ไปพบ,(1) entailment\n(2) neutral\n(3) contradiction,(1) คือคำตอบที่ถูกต้เอง,TRUE,TRUE,TRUE,
tha,9,จงเลือกประเภทความสัมพันธ์ของ 2 ประโยคนี้\n ประโยคที่ 1: พวกเขาบอกฉันว่า เอ่อ ฉันจะถูกเรียกเป็นผู้ชายในตอนท้ายเพื่อให้ฉันได้เจอ\nประโยคที่ 2: ผู้ชายคนนั้นมาช้าไปหน่อย,(1) entailment\n(2) neutral\n(3) contradiction,(2) คือคำตอบที่ถูกต้เอง,TRUE,TRUE,TRUE,
tha,10,จงเลือกประเภทความสัมพันธ์ของ 2 ประโยคนี้\n ประโยคที่ 1: มีอะไรมากมายที่คุณสามารถพูดได้ ฉันจะข้ามไป\nประโยคที่ 2: ฉันอยากจะบอกคุณทุกสิ่งที่ฉันรู้เกี่ยวกับเรื่องนั้น!,(1) entailment\n(2) neutral\n(3) contradiction,(3) คือคำตอบที่ถูกต้เอง,TRUE,TRUE,TRUE,
tha,11,จงเลือกประเภทความสัมพันธ์ของ 2 ประโยคนี้\n ประโยคที่ 1: มีอะไรมากมายที่คุณสามารถพูดได้ ฉันจะข้ามไป\nประโยคที่ 2: ฉันจะไม่พูดถึงเรื่องนั้น แม้ว่าจะมีหลายเรื่องให้พูดถึง,(1) entailment\n(2) neutral\n(3) contradiction,(1) คือคำตอบที่ถูกต้เอง,TRUE,TRUE,TRUE,
tha,12,จงเลือกประเภทความสัมพันธ์ของ 2 ประโยคนี้\n ประโยคที่ 1: มีอะไรมากมายที่คุณสามารถพูดได้ ฉันจะข้ามไป\nประโยคที่ 2: ฉันจะไม่พูดเกี่ยวกับประวัติศาสตร์ของเมือง เพราะมีมากเกินไปที่จะพูด,(1) entailment\n(2) neutral\n(3) contradiction,(2) คือคำตอบที่ถูกต้เอง,TRUE,TRUE,TRUE,
tha,13,จงเลือกประเภทความสัมพันธ์ของ 2 ประโยคนี้\n ประโยคที่ 1: นั่นคือสิ่งสำคัญที่เราต้องการจะประหยัด เนื่องจากไม่มีวิธีใดที่จะทิ้งระเบิด H ขนาด 20 เมกะตันออกจากเครื่อง C124 จำนวน 30 เครื่อง\nประโยคที่ 2: เราไม่สนใจเกี่ยวกับการบันทึกอะไรเลย,(1) entailment\n(2) neutral\n(3) contradiction,(3) คือคำตอบที่ถูกต้เอง,TRUE,TRUE,TRUE,
tha,14,จงเลือกประเภทความสัมพันธ์ของ 2 ประโยคนี้\n ประโยคที่ 1: นั่นคือสิ่งสำคัญที่เราต้องการจะประหยัด เนื่องจากไม่มีวิธีใดที่จะทิ้งระเบิด H ขนาด 20 เมกะตันออกจากเครื่อง C124 จำนวน 30 เครื่อง\nประโยคที่ 2: เราต้องการบันทึกสิ่งหนึ่งมากกว่าที่เหลือ,(1) entailment\n(2) neutral\n(3) contradiction,(1) คือคำตอบที่ถูกต้เอง,TRUE,TRUE,TRUE,
tha,15,จงเลือกประเภทความสัมพันธ์ของ 2 ประโยคนี้\n ประโยคที่ 1: นั่นคือสิ่งสำคัญที่เราต้องการจะประหยัด เนื่องจากไม่มีวิธีใดที่จะทิ้งระเบิด H ขนาด 20 เมกะตันออกจากเครื่อง C124 จำนวน 30 เครื่อง\nประโยคที่ 2: เราต้องการบันทึก h-bomb เพราะมันยากมากที่จะรับมือ,(1) entailment\n(2) neutral\n(3) contradiction,(2) คือคำตอบที่ถูกต้เอง,TRUE,TRUE,TRUE,
tha,16,จงเลือกประเภทความสัมพันธ์ของ 2 ประโยคนี้\n ประโยคที่ 1: ฉันก็เลยไม่ค่อยแน่ใจนักว่าทำไม\nประโยคที่ 2: ฉันแน่ใจในเหตุผลว่าทำไม,(1) entailment\n(2) neutral\n(3) contradiction,(3) คือคำตอบที่ถูกต้เอง,TRUE,TRUE,TRUE,
tha,17,จงเลือกประเภทความสัมพันธ์ของ 2 ประโยคนี้\n ประโยคที่ 1: ฉันก็เลยไม่ค่อยแน่ใจนักว่าทำไม\nประโยคที่ 2: ฉันไม่รู้ว่าทำไมเขาถึงย้ายโรงเรียน,(1) entailment\n(2) neutral\n(3) contradiction,(2) คือคำตอบที่ถูกต้เอง,TRUE,TRUE,TRUE,
tha,18,จงเลือกประเภทความสัมพันธ์ของ 2 ประโยคนี้\n ประโยคที่ 1: ฉันก็เลยไม่ค่อยแน่ใจนักว่าทำไม\nประโยคที่ 2: ฉันไม่รู้ว่าทำไมถึงเกิดขึ้น,(1) entailment\n(2) neutral\n(3) contradiction,(1) คือคำตอบที่ถูกต้เอง,TRUE,TRUE,TRUE,
tha,19,"จงเลือกประเภทความสัมพันธ์ของ 2 ประโยคนี้\n ประโยคที่ 1: นี่คือ Fannie Flono และเธอเติบโตขึ้นมาใน Ag--Augusta, GA และเธอจะพูดถึงเรื่องราวบางอย่างในวัยเด็กของเธอ\nประโยคที่ 2: Fannie Flono ต้องจัดตารางใหม่และไม่สามารถเล่าเรื่องราวให้เราฟังได้ในวันนี้",(1) entailment\n(2) neutral\n(3) contradiction,(3) คือคำตอบที่ถูกต้เอง,TRUE,TRUE,TRUE,
tha,20,"จงเลือกประเภทความสัมพันธ์ของ 2 ประโยคนี้\n ประโยคที่ 1: นี่คือ Fannie Flono และเธอเติบโตขึ้นมาใน Ag--Augusta, GA และเธอจะพูดถึงเรื่องราวบางอย่างในวัยเด็กของเธอ\nประโยคที่ 2: Fannie Flono อยู่ที่นี่และเธอจะพูดกับเราเกี่ยวกับเรื่องราวในวัยเด็กของเธอจากการเติบโตขึ้นในเมืองออกัสตา รัฐจอร์เจีย",(1) entailment\n(2) neutral\n(3) contradiction,(1) คือคำตอบที่ถูกต้เอง,TRUE,TRUE,TRUE,
tha,21,"จงเลือกประเภทความสัมพันธ์ของ 2 ประโยคนี้\n ประโยคที่ 1: นี่คือ Fannie Flono และเธอเติบโตขึ้นมาใน Ag--Augusta, GA และเธอจะพูดถึงเรื่องราวบางอย่างในวัยเด็กของเธอ\nประโยคที่ 2: วันนี้ Fannie Flono สามารถพูดคุยกับเราได้แม้ตารางงานที่ยุ่งของเธอ",(1) entailment\n(2) neutral\n(3) contradiction,(2) คือคำตอบที่ถูกต้เอง,TRUE,TRUE,TRUE,
tha,22,จงเลือกประเภทความสัมพันธ์ของ 2 ประโยคนี้\n ประโยคที่ 1: และฉันได้ปลด เอ่อ ห้าแยกจาก U2\nประโยคที่ 2: ฉันจัดการกับ U2,(1) entailment\n(2) neutral\n(3) contradiction,(1) คือคำตอบที่ถูกต้เอง,TRUE,TRUE,TRUE,
tha,23,จงเลือกประเภทความสัมพันธ์ของ 2 ประโยคนี้\n ประโยคที่ 1: และฉันได้ปลด เอ่อ ห้าแยกจาก U2\nประโยคที่ 2: ฉันไม่ได้จัดการกับ U2 เลย,(1) entailment\n(2) neutral\n(3) contradiction,(3) คือคำตอบที่ถูกต้เอง,TRUE,TRUE,TRUE,
tha,24,จงเลือกประเภทความสัมพันธ์ของ 2 ประโยคนี้\n ประโยคที่ 1: และฉันได้ปลด เอ่อ ห้าแยกจาก U2\nประโยคที่ 2: ฉันทำงานกับแผนก U2 ทุกวันเป็นเวลาสี่สิบปี,(1) entailment\n(2) neutral\n(3) contradiction,(2) คือคำตอบที่ถูกต้เอง,TRUE,TRUE,TRUE,
tha,25,จงเลือกประเภทความสัมพันธ์ของ 2 ประโยคนี้\n ประโยคที่ 1: ฉันเป็นคนเดียวที่เคยเป็นผู้ควบคุม การทดสอบในห้องสูงขนาดเล็ก\nประโยคที่ 2: ฉันไม่ชอบที่จะเป็นคนเดียวที่ดูแลหน่วยงานกำกับดูแลสำหรับการทดสอบ,(1) entailment\n(2) neutral\n(3) contradiction,(2) คือคำตอบที่ถูกต้เอง,TRUE,TRUE,TRUE,
tha,26,จงเลือกประเภทความสัมพันธ์ของ 2 ประโยคนี้\n ประโยคที่ 1: ฉันเป็นคนเดียวที่เคยเป็นผู้ควบคุม การทดสอบในห้องสูงขนาดเล็ก\nประโยคที่ 2: ทำการทดสอบในห้องระดับความสูงขนาดเล็ก,(1) entailment\n(2) neutral\n(3) contradiction,(1) คือคำตอบที่ถูกต้เอง,TRUE,TRUE,TRUE,
tha,27,จงเลือกประเภทความสัมพันธ์ของ 2 ประโยคนี้\n ประโยคที่ 1: ฉันเป็นคนเดียวที่เคยเป็นผู้ควบคุม การทดสอบในห้องสูงขนาดเล็ก\nประโยคที่ 2: มีพวกเราสองสามคนที่ดูแลหน่วยงานกำกับดูแลเพื่อทำการทดสอบ,(1) entailment\n(2) neutral\n(3) contradiction,(3) คือคำตอบที่ถูกต้เอง,TRUE,TRUE,TRUE,
tha,28,จงเลือกประเภทความสัมพันธ์ของ 2 ประโยคนี้\n ประโยคที่ 1: ฉัน เอ่อ จ่าสิบเอก เกษียณแล้ว อย่างที่ริคบอก\nประโยคที่ 2: ฉันยังคงทำงานจนถึงทุกวันนี้,(1) entailment\n(2) neutral\n(3) contradiction,(3) คือคำตอบที่ถูกต้เอง,TRUE,TRUE,TRUE,
tha,29,จงเลือกประเภทความสัมพันธ์ของ 2 ประโยคนี้\n ประโยคที่ 1: ฉัน เอ่อ จ่าสิบเอก เกษียณแล้ว อย่างที่ริคบอก\nประโยคที่ 2: ฉันเกษียณในปี 2545,(1) entailment\n(2) neutral\n(3) contradiction,(2) คือคำตอบที่ถูกต้เอง,TRUE,TRUE,TRUE,
tha,30,จงเลือกประเภทความสัมพันธ์ของ 2 ประโยคนี้\n ประโยคที่ 1: ฉัน เอ่อ จ่าสิบเอก เกษียณแล้ว อย่างที่ริคบอก\nประโยคที่ 2: ริคบอกคุณว่าฉันเกษียณแล้ว,(1) entailment\n(2) neutral\n(3) contradiction,(1) คือคำตอบที่ถูกต้เอง,TRUE,TRUE,TRUE,
tha,31,จงเลือกประเภทความสัมพันธ์ของ 2 ประโยคนี้\n ประโยคที่ 1: มีประมาณการกระแสเงินสดอยู่บนโต๊ะของฉัน และ อืม เอ่อ สำหรับ Cutty แบบนั้นและแบบนั้น นั่นคือชื่อของลูกค้า\nประโยคที่ 2: ลูกค้าชื่อ Cutty ทำเงินได้ $10000 ต่อเดือน,(1) entailment\n(2) neutral\n(3) contradiction,(2) คือคำตอบที่ถูกต้เอง,TRUE,TRUE,TRUE,
tha,32,จงเลือกประเภทความสัมพันธ์ของ 2 ประโยคนี้\n ประโยคที่ 1: มีประมาณการกระแสเงินสดอยู่บนโต๊ะของฉัน และ อืม เอ่อ สำหรับ Cutty แบบนั้นและแบบนั้น นั่นคือชื่อของลูกค้า\nประโยคที่ 2: มีลูกค้าชื่อคัตตี้,(1) entailment\n(2) neutral\n(3) contradiction,(1) คือคำตอบที่ถูกต้เอง,TRUE,TRUE,TRUE,
tha,33,จงเลือกประเภทความสัมพันธ์ของ 2 ประโยคนี้\n ประโยคที่ 1: มีประมาณการกระแสเงินสดอยู่บนโต๊ะของฉัน และ อืม เอ่อ สำหรับ Cutty แบบนั้นและแบบนั้น นั่นคือชื่อของลูกค้า\nประโยคที่ 2: เราไม่มีลูกค้าชื่อคัตตี้,(1) entailment\n(2) neutral\n(3) contradiction,(3) คือคำตอบที่ถูกต้เอง,TRUE,TRUE,TRUE,
tha,34,จงเลือกประเภทความสัมพันธ์ของ 2 ประโยคนี้\n ประโยคที่ 1: ผู้หญิงที่สามารถช่วยฉันได้อยู่ทั่วเมือง\nประโยคที่ 2: ผู้หญิงที่ฉันต้องการความช่วยเหลือจากชีวิตที่ห่างไกล,(1) entailment\n(2) neutral\n(3) contradiction,(1) คือคำตอบที่ถูกต้เอง,TRUE,TRUE,TRUE,
tha,35,จงเลือกประเภทความสัมพันธ์ของ 2 ประโยคนี้\n ประโยคที่ 1: ผู้หญิงที่สามารถช่วยฉันได้อยู่ทั่วเมือง\nประโยคที่ 2: ผู้หญิงที่จะมาช่วยฉันอยู่ห่างออกไป 5 ไมล์,(1) entailment\n(2) neutral\n(3) contradiction,(2) คือคำตอบที่ถูกต้เอง,TRUE,TRUE,TRUE,
tha,36,จงเลือกประเภทความสัมพันธ์ของ 2 ประโยคนี้\n ประโยคที่ 1: ผู้หญิงที่สามารถช่วยฉันได้อยู่ทั่วเมือง\nประโยคที่ 2: ไม่มีใครสามารถช่วยฉันได้,(1) entailment\n(2) neutral\n(3) contradiction,(3) คือคำตอบที่ถูกต้เอง,TRUE,TRUE,TRUE,
tha,37,จงเลือกประเภทความสัมพันธ์ของ 2 ประโยคนี้\n ประโยคที่ 1: แต่พวกเขาถูกแบ่งแยกราวกับว่าใครเป็นมือสนาม และใครเป็นลูกบ้าน แบบว่า--\nประโยคที่ 2: พวกเขาทั้งหมดตกลงกันว่าพวกเขาจะทำงานในทุ่งนาทั้งหมด,(1) entailment\n(2) neutral\n(3) contradiction,(3) คือคำตอบที่ถูกต้เอง,TRUE,TRUE,TRUE,
tha,38,จงเลือกประเภทความสัมพันธ์ของ 2 ประโยคนี้\n ประโยคที่ 1: แต่พวกเขาถูกแบ่งแยกราวกับว่าใครเป็นมือสนาม และใครเป็นลูกบ้าน แบบว่า--\nประโยคที่ 2: พวกเขาไม่สามารถตกลงกันได้ว่าใครเป็นมือสนามและใครอยู่ในบ้าน,(1) entailment\n(2) neutral\n(3) contradiction,(1) คือคำตอบที่ถูกต้เอง,TRUE,TRUE,TRUE,
tha,39,จงเลือกประเภทความสัมพันธ์ของ 2 ประโยคนี้\n ประโยคที่ 1: แต่พวกเขาถูกแบ่งแยกราวกับว่าใครเป็นมือสนาม และใครเป็นลูกบ้าน แบบว่า--\nประโยคที่ 2: พวกเขาตกลงกันไม่ได้ว่าใครควรทำงานในไร่ฝ้ายและใครควรถูพื้น,(1) entailment\n(2) neutral\n(3) contradiction,(2) คือคำตอบที่ถูกต้เอง,TRUE,TRUE,TRUE,
tha,40,"จงเลือกประเภทความสัมพันธ์ของ 2 ประโยคนี้\n ประโยคที่ 1: วันนี้เขาจะมาคุยกับเราเกี่ยวกับ Third SS, U2 Quick และ Blackbird\nประโยคที่ 2: เขาได้ตัดสินใจที่จะไม่พูดอีกต่อไป",(1) entailment\n(2) neutral\n(3) contradiction,(3) คือคำตอบที่ถูกต้เอง,TRUE,TRUE,TRUE,
tha,41,"จงเลือกประเภทความสัมพันธ์ของ 2 ประโยคนี้\n ประโยคที่ 1: วันนี้เขาจะมาคุยกับเราเกี่ยวกับ Third SS, U2 Quick และ Blackbird\nประโยคที่ 2: เขาพูดเกี่ยวกับเรือดำน้ำสามลำที่แตกต่างกัน",(1) entailment\n(2) neutral\n(3) contradiction,(2) คือคำตอบที่ถูกต้เอง,TRUE,TRUE,TRUE,
tha,42,"จงเลือกประเภทความสัมพันธ์ของ 2 ประโยคนี้\n ประโยคที่ 1: วันนี้เขาจะมาคุยกับเราเกี่ยวกับ Third SS, U2 Quick และ Blackbird\nประโยคที่ 2: เขาพูดถึงสามสิ่ง",(1) entailment\n(2) neutral\n(3) contradiction,(1) คือคำตอบที่ถูกต้เอง,TRUE,TRUE,TRUE,
tha,43,จงเลือกประเภทความสัมพันธ์ของ 2 ประโยคนี้\n ประโยคที่ 1: ฉันหมายถึงพวกเขามีลูกแค่ห้าคน คนหนึ่งเสียชีวิต\nประโยคที่ 2: ลูกของพวกเขาทุกคนรอดชีวิต,(1) entailment\n(2) neutral\n(3) contradiction,(3) คือคำตอบที่ถูกต้เอง,TRUE,TRUE,TRUE,
tha,44,จงเลือกประเภทความสัมพันธ์ของ 2 ประโยคนี้\n ประโยคที่ 1: ฉันหมายถึงพวกเขามีลูกแค่ห้าคน คนหนึ่งเสียชีวิต\nประโยคที่ 2: เด็กคนหนึ่งเสียชีวิตจากห้าคน,(1) entailment\n(2) neutral\n(3) contradiction,(1) คือคำตอบที่ถูกต้เอง,TRUE,TRUE,TRUE,
tha,45,จงเลือกประเภทความสัมพันธ์ของ 2 ประโยคนี้\n ประโยคที่ 1: ฉันหมายถึงพวกเขามีลูกแค่ห้าคน คนหนึ่งเสียชีวิต\nประโยคที่ 2: เด็กที่เสียชีวิตเกิดมาป่วย,(1) entailment\n(2) neutral\n(3) contradiction,(2) คือคำตอบที่ถูกต้เอง,TRUE,TRUE,TRUE,
tha,46,จงเลือกประเภทความสัมพันธ์ของ 2 ประโยคนี้\n ประโยคที่ 1: และแน่นอน Androv Gromikov ไม่ได้ตอบอะไร แต่เรามีข้อมูลทั้งหมดจากภาพยนตร์ที่ U2 ถ่ายทำ\nประโยคที่ 2: U2 ถ่ายหนังเยอะมาก,(1) entailment\n(2) neutral\n(3) contradiction,(1) คือคำตอบที่ถูกต้เอง,TRUE,TRUE,TRUE,
tha,47,จงเลือกประเภทความสัมพันธ์ของ 2 ประโยคนี้\n ประโยคที่ 1: และแน่นอน Androv Gromikov ไม่ได้ตอบอะไร แต่เรามีข้อมูลทั้งหมดจากภาพยนตร์ที่ U2 ถ่ายทำ\nประโยคที่ 2: U2 ถ่ายฟิล์มจำนวนหนึ่งจากใต้น้ำ,(1) entailment\n(2) neutral\n(3) contradiction,(2) คือคำตอบที่ถูกต้เอง,TRUE,TRUE,TRUE,
tha,48,จงเลือกประเภทความสัมพันธ์ของ 2 ประโยคนี้\n ประโยคที่ 1: และแน่นอน Androv Gromikov ไม่ได้ตอบอะไร แต่เรามีข้อมูลทั้งหมดจากภาพยนตร์ที่ U2 ถ่ายทำ\nประโยคที่ 2: เราไม่มีภาพดังนั้นเราจึงต้องเดา,(1) entailment\n(2) neutral\n(3) contradiction,(3) คือคำตอบที่ถูกต้เอง,TRUE,TRUE,TRUE,
tha,49,จงเลือกประเภทความสัมพันธ์ของ 2 ประโยคนี้\n ประโยคที่ 1: เธอบอกว่ามีเพียงน้ำตาที่ไหลออกมาจากดวงตาของเธอและเธอก็พูดแล้วเธอก็บอกว่าโจขึ้นมาที่ระเบียง\nประโยคที่ 2: ขณะที่เธอบอกให้เขาขึ้นไปที่ระเบียง เธอก็น้ำตาไหล,(1) entailment\n(2) neutral\n(3) contradiction,(1) คือคำตอบที่ถูกต้เอง,TRUE,TRUE,TRUE,
tha,50,จงเลือกประเภทความสัมพันธ์ของ 2 ประโยคนี้\n ประโยคที่ 1: เธอบอกว่ามีเพียงน้ำตาที่ไหลออกมาจากดวงตาของเธอและเธอก็พูดแล้วเธอก็บอกว่าโจขึ้นมาที่ระเบียง\nประโยคที่ 2: เธอรีบเช็ดน้ำตาหลังจากเหวี่ยงโจออกจากระเบียง,(1) entailment\n(2) neutral\n(3) contradiction,(3) คือคำตอบที่ถูกต้เอง,TRUE,TRUE,TRUE,
tha,51,จงเลือกประเภทความสัมพันธ์ของ 2 ประโยคนี้\n ประโยคที่ 1: เธอบอกว่ามีเพียงน้ำตาที่ไหลออกมาจากดวงตาของเธอและเธอก็พูดแล้วเธอก็บอกว่าโจขึ้นมาที่ระเบียง\nประโยคที่ 2: เธอมีความสุขมากที่เห็นโจจนเธอเริ่มร้องไห้,(1) entailment\n(2) neutral\n(3) contradiction,(2) คือคำตอบที่ถูกต้เอง,TRUE,TRUE,TRUE,
tha,52,จงเลือกประเภทความสัมพันธ์ของ 2 ประโยคนี้\n ประโยคที่ 1: แม้ว่าเครื่องบินจะลุกเป็นไฟ ทำไมมันถึงไหม้ และมันจะละลายผ่านองค์ประกอบตะกั่วเพื่อให้รังสีรั่วออกมา\nประโยคที่ 2: รังสีสามารถกักเก็บได้ระหว่างที่เกิดเพลิงไหม้เช่นกัน,(1) entailment\n(2) neutral\n(3) contradiction,(2) คือคำตอบที่ถูกต้เอง,TRUE,TRUE,TRUE,
tha,53,จงเลือกประเภทความสัมพันธ์ของ 2 ประโยคนี้\n ประโยคที่ 1: แม้ว่าเครื่องบินจะลุกเป็นไฟ ทำไมมันถึงไหม้ และมันจะละลายผ่านองค์ประกอบตะกั่วเพื่อให้รังสีรั่วออกมา\nประโยคที่ 2: รังสีจะรั่วไหลออกจากส่วนประกอบตะกั่วหลังจากที่เครื่องบินถูกไฟไหม้,(1) entailment\n(2) neutral\n(3) contradiction,(1) คือคำตอบที่ถูกต้เอง,TRUE,TRUE,TRUE,
tha,54,จงเลือกประเภทความสัมพันธ์ของ 2 ประโยคนี้\n ประโยคที่ 1: แม้ว่าเครื่องบินจะลุกเป็นไฟ ทำไมมันถึงไหม้ และมันจะละลายผ่านองค์ประกอบตะกั่วเพื่อให้รังสีรั่วออกมา\nประโยคที่ 2: รังสีจะไม่รั่วไหลออกมาระหว่างที่เกิดไฟไหม้,(1) entailment\n(2) neutral\n(3) contradiction,(3) คือคำตอบที่ถูกต้เอง,TRUE,TRUE,TRUE,
tha,55,จงเลือกประเภทความสัมพันธ์ของ 2 ประโยคนี้\n ประโยคที่ 1: นี่คือจ่าสิบเอกเคลม ฟรานซิส เกษียณจากกองทัพอากาศสหรัฐฯ\nประโยคที่ 2: หัวหน้าเกษียณจากกองทัพอากาศสหรัฐฯ,(1) entailment\n(2) neutral\n(3) contradiction,(1) คือคำตอบที่ถูกต้เอง,TRUE,TRUE,TRUE,
tha,56,จงเลือกประเภทความสัมพันธ์ของ 2 ประโยคนี้\n ประโยคที่ 1: นี่คือจ่าสิบเอกเคลม ฟรานซิส เกษียณจากกองทัพอากาศสหรัฐฯ\nประโยคที่ 2: หัวหน้าเพิ่งเกษียณเมื่อไม่กี่สัปดาห์ก่อน,(1) entailment\n(2) neutral\n(3) contradiction,(2) คือคำตอบที่ถูกต้เอง,TRUE,TRUE,TRUE,
tha,57,จงเลือกประเภทความสัมพันธ์ของ 2 ประโยคนี้\n ประโยคที่ 1: นี่คือจ่าสิบเอกเคลม ฟรานซิส เกษียณจากกองทัพอากาศสหรัฐฯ\nประโยคที่ 2: หัวหน้ากองทัพอากาศสหรัฐเพิ่งเริ่มต้นอาชีพของเขาในสัปดาห์นี้,(1) entailment\n(2) neutral\n(3) contradiction,(3) คือคำตอบที่ถูกต้เอง,TRUE,TRUE,TRUE,
tha,58,จงเลือกประเภทความสัมพันธ์ของ 2 ประโยคนี้\n ประโยคที่ 1: มันไปถึงที่ซึ่งมีเครื่องบินสองหรือสามลำมาถึงในหนึ่งสัปดาห์ และฉันไม่รู้ว่ามันบินไปที่ไหน\nประโยคที่ 2: เครื่องบินมาถึงมากกว่าหนึ่งลำทุกสัปดาห์,(1) entailment\n(2) neutral\n(3) contradiction,(1) คือคำตอบที่ถูกต้เอง,TRUE,TRUE,TRUE,
tha,59,จงเลือกประเภทความสัมพันธ์ของ 2 ประโยคนี้\n ประโยคที่ 1: มันไปถึงที่ซึ่งมีเครื่องบินสองหรือสามลำมาถึงในหนึ่งสัปดาห์ และฉันไม่รู้ว่ามันบินไปที่ไหน\nประโยคที่ 2: ปริมาณการใช้เครื่องบินที่เพิ่มขึ้นนั้นเป็นปัญหา,(1) entailment\n(2) neutral\n(3) contradiction,(2) คือคำตอบที่ถูกต้เอง,TRUE,TRUE,TRUE,
tha,60,จงเลือกประเภทความสัมพันธ์ของ 2 ประโยคนี้\n ประโยคที่ 1: มันไปถึงที่ซึ่งมีเครื่องบินสองหรือสามลำมาถึงในหนึ่งสัปดาห์ และฉันไม่รู้ว่ามันบินไปที่ไหน\nประโยคที่ 2: ไม่เคยมีเครื่องบินมา,(1) entailment\n(2) neutral\n(3) contradiction,(3) คือคำตอบที่ถูกต้เอง,TRUE,TRUE,TRUE,
tha,61,จงเลือกประเภทความสัมพันธ์ของ 2 ประโยคนี้\n ประโยคที่ 1: พวกเขาได้รับการฝึกฝนในชุดแรงดันเต็มที่แล้ว และฉันต้องใช้เวลาสักระยะถ้าคุณใส่ชุดแรงดันเต็มที่\nประโยคที่ 2: ต้องใช้เวลาถึงสามเดือนในการฝึกการใช้ชุดแรงดันเต็มที่,(1) entailment\n(2) neutral\n(3) contradiction,(2) คือคำตอบที่ถูกต้เอง,TRUE,TRUE,TRUE,
tha,62,จงเลือกประเภทความสัมพันธ์ของ 2 ประโยคนี้\n ประโยคที่ 1: พวกเขาได้รับการฝึกฝนในชุดแรงดันเต็มที่แล้ว และฉันต้องใช้เวลาสักระยะถ้าคุณใส่ชุดแรงดันเต็มที่\nประโยคที่ 2: การฝึกใช้ชุดแรงดันเต็มที่ต้องใช้เวลา,(1) entailment\n(2) neutral\n(3) contradiction,(1) คือคำตอบที่ถูกต้เอง,TRUE,TRUE,TRUE,
tha,63,จงเลือกประเภทความสัมพันธ์ของ 2 ประโยคนี้\n ประโยคที่ 1: พวกเขาได้รับการฝึกฝนในชุดแรงดันเต็มที่แล้ว และฉันต้องใช้เวลาสักระยะถ้าคุณใส่ชุดแรงดันเต็มที่\nประโยคที่ 2: เราสามารถให้คุณฝึกใช้ชุดบังคับแบบเต็มตัวได้ภายในสิ้นวัน,(1) entailment\n(2) neutral\n(3) contradiction,(3) คือคำตอบที่ถูกต้เอง,TRUE,TRUE,TRUE,
tha,64,จงเลือกประเภทความสัมพันธ์ของ 2 ประโยคนี้\n ประโยคที่ 1: ฉันต้องการจะบอกว่าไม่มีอันตรายใด ๆ ที่จะเข้าไปพร้อมกับระเบิดเพราะมันจะไม่ระเบิดไม่ว่าจะกระแทกพื้นหนักแค่ไหนก็ตาม\nประโยคที่ 2: ระเบิดถูกปิดการใช้งานโดยนักบิน,(1) entailment\n(2) neutral\n(3) contradiction,(2) คือคำตอบที่ถูกต้เอง,TRUE,TRUE,TRUE,
tha,65,จงเลือกประเภทความสัมพันธ์ของ 2 ประโยคนี้\n ประโยคที่ 1: ฉันต้องการจะบอกว่าไม่มีอันตรายใด ๆ ที่จะเข้าไปพร้อมกับระเบิดเพราะมันจะไม่ระเบิดไม่ว่าจะกระแทกพื้นหนักแค่ไหนก็ตาม\nประโยคที่ 2: ระเบิดไม่มีโอกาสระเบิด,(1) entailment\n(2) neutral\n(3) contradiction,(1) คือคำตอบที่ถูกต้เอง,TRUE,TRUE,TRUE,
tha,66,จงเลือกประเภทความสัมพันธ์ของ 2 ประโยคนี้\n ประโยคที่ 1: ฉันต้องการจะบอกว่าไม่มีอันตรายใด ๆ ที่จะเข้าไปพร้อมกับระเบิดเพราะมันจะไม่ระเบิดไม่ว่าจะกระแทกพื้นหนักแค่ไหนก็ตาม\nประโยคที่ 2: มีอันตรายอย่างมากจากการระเบิด,(1) entailment\n(2) neutral\n(3) contradiction,(3) คือคำตอบที่ถูกต้เอง,TRUE,TRUE,TRUE,
tha,67,จงเลือกประเภทความสัมพันธ์ของ 2 ประโยคนี้\n ประโยคที่ 1: และดูเหมือนว่าฉันกำลังพยายามทำอะไรอยู่\nประโยคที่ 2: ฉันไม่แน่ใจว่าสิ่งนี้มีลักษณะอย่างไรสำหรับคุณ,(1) entailment\n(2) neutral\n(3) contradiction,(3) คือคำตอบที่ถูกต้เอง,TRUE,TRUE,TRUE,
tha,68,จงเลือกประเภทความสัมพันธ์ของ 2 ประโยคนี้\n ประโยคที่ 1: และดูเหมือนว่าฉันกำลังพยายามทำอะไรอยู่\nประโยคที่ 2: ฉันกำลังพยายามทำสิ่งนี้อยู่,(1) entailment\n(2) neutral\n(3) contradiction,(1) คือคำตอบที่ถูกต้เอง,TRUE,TRUE,TRUE,
tha,69,จงเลือกประเภทความสัมพันธ์ของ 2 ประโยคนี้\n ประโยคที่ 1: และดูเหมือนว่าฉันกำลังพยายามทำอะไรอยู่\nประโยคที่ 2: ฉันกำลังพยายามทำให้โครงการของฉันเสร็จในสัปดาห์หน้า,(1) entailment\n(2) neutral\n(3) contradiction,(2) คือคำตอบที่ถูกต้เอง,TRUE,TRUE,TRUE,
tha,70,จงเลือกประเภทความสัมพันธ์ของ 2 ประโยคนี้\n ประโยคที่ 1: แต่อย่างไรก็ตาม สัตว์ทั้งหลายก็จะหลุดออกมาโดยตลอด โดยเฉพาะแพะ\nประโยคที่ 2: แพะหนีออกจากยุ้งฉางทุกวัน,(1) entailment\n(2) neutral\n(3) contradiction,(2) คือคำตอบที่ถูกต้เอง,TRUE,TRUE,TRUE,
tha,71,จงเลือกประเภทความสัมพันธ์ของ 2 ประโยคนี้\n ประโยคที่ 1: แต่อย่างไรก็ตาม สัตว์ทั้งหลายก็จะหลุดออกมาโดยตลอด โดยเฉพาะแพะ\nประโยคที่ 2: แพะหนีบ่อย,(1) entailment\n(2) neutral\n(3) contradiction,(1) คือคำตอบที่ถูกต้เอง,TRUE,TRUE,TRUE,
tha,72,จงเลือกประเภทความสัมพันธ์ของ 2 ประโยคนี้\n ประโยคที่ 1: แต่อย่างไรก็ตาม สัตว์ทั้งหลายก็จะหลุดออกมาโดยตลอด โดยเฉพาะแพะ\nประโยคที่ 2: แพะถูกเก็บไว้อย่างปลอดภัย,(1) entailment\n(2) neutral\n(3) contradiction,(3) คือคำตอบที่ถูกต้เอง,TRUE,TRUE,TRUE,
tha,73,จงเลือกประเภทความสัมพันธ์ของ 2 ประโยคนี้\n ประโยคที่ 1: ประตูถูกล็อคเมื่อเราเข้าไปข้างใน\nประโยคที่ 2: ประตูทุกบานเปิดออก,(1) entailment\n(2) neutral\n(3) contradiction,(3) คือคำตอบที่ถูกต้เอง,TRUE,TRUE,TRUE,
tha,74,จงเลือกประเภทความสัมพันธ์ของ 2 ประโยคนี้\n ประโยคที่ 1: ประตูถูกล็อคเมื่อเราเข้าไปข้างใน\nประโยคที่ 2: เรามีกุญแจอยู่กับเรา,(1) entailment\n(2) neutral\n(3) contradiction,(2) คือคำตอบที่ถูกต้เอง,TRUE,TRUE,TRUE,
tha,75,จงเลือกประเภทความสัมพันธ์ของ 2 ประโยคนี้\n ประโยคที่ 1: ประตูถูกล็อคเมื่อเราเข้าไปข้างใน\nประโยคที่ 2: เราเข้าไปแม้ว่าประตูจะถูกล็อค,(1) entailment\n(2) neutral\n(3) contradiction,(1) คือคำตอบที่ถูกต้เอง,TRUE,TRUE,TRUE,
tha,76,จงเลือกประเภทความสัมพันธ์ของ 2 ประโยคนี้\n ประโยคที่ 1: เลยต้องหาผลรวมแล้วลองคิดดู\nประโยคที่ 2: ฉันรู้สึกมั่นใจว่ายอดรวมทั้งหมดคือทั้งหมดที่ฉันต้องคิดออก,(1) entailment\n(2) neutral\n(3) contradiction,(2) คือคำตอบที่ถูกต้เอง,TRUE,TRUE,TRUE,
tha,77,จงเลือกประเภทความสัมพันธ์ของ 2 ประโยคนี้\n ประโยคที่ 1: เลยต้องหาผลรวมแล้วลองคิดดู\nประโยคที่ 2: ฉันไม่รู้ว่าจะทำอย่างไรกับยอดรวม โปรดให้รายละเอียดเพิ่มเติมกับฉันเพื่อแก้ปัญหานี้,(1) entailment\n(2) neutral\n(3) contradiction,(3) คือคำตอบที่ถูกต้เอง,TRUE,TRUE,TRUE,
tha,78,จงเลือกประเภทความสัมพันธ์ของ 2 ประโยคนี้\n ประโยคที่ 1: เลยต้องหาผลรวมแล้วลองคิดดู\nประโยคที่ 2: ฉันจะคำนวณจากยอดรวม,(1) entailment\n(2) neutral\n(3) contradiction,(1) คือคำตอบที่ถูกต้เอง,TRUE,TRUE,TRUE,
tha,79,จงเลือกประเภทความสัมพันธ์ของ 2 ประโยคนี้\n ประโยคที่ 1: เขามา เขาเปิดประตู และผมจำได้ว่ามองย้อนกลับไปและเห็นสีหน้าของเขา และผมบอกได้เลยว่าเขาผิดหวัง\nประโยคที่ 2: เขาตื่นเต้นและดีใจมากจนแทบจะเคาะประตูออกจากกรอบ,(1) entailment\n(2) neutral\n(3) contradiction,(3) คือคำตอบที่ถูกต้เอง,TRUE,TRUE,TRUE,
tha,80,จงเลือกประเภทความสัมพันธ์ของ 2 ประโยคนี้\n ประโยคที่ 1: เขามา เขาเปิดประตู และผมจำได้ว่ามองย้อนกลับไปและเห็นสีหน้าของเขา และผมบอกได้เลยว่าเขาผิดหวัง\nประโยคที่ 2: เขาพยายามจะไม่ทำให้เรารู้สึกผิด แต่เรารู้ว่าเราทำให้เขาเดือดร้อน,(1) entailment\n(2) neutral\n(3) contradiction,(2) คือคำตอบที่ถูกต้เอง,TRUE,TRUE,TRUE,
tha,81,จงเลือกประเภทความสัมพันธ์ของ 2 ประโยคนี้\n ประโยคที่ 1: เขามา เขาเปิดประตู และผมจำได้ว่ามองย้อนกลับไปและเห็นสีหน้าของเขา และผมบอกได้เลยว่าเขาผิดหวัง\nประโยคที่ 2: แค่ดูหน้าเขาตอนเข้าประตูก็รู้เลยว่าเขาอารมณ์เสีย,(1) entailment\n(2) neutral\n(3) contradiction,(1) คือคำตอบที่ถูกต้เอง,TRUE,TRUE,TRUE,
tha,82,จงเลือกประเภทความสัมพันธ์ของ 2 ประโยคนี้\n ประโยคที่ 1: ฉันจึงไม่มีเรื่องราวเฉพาะเจาะจง\nประโยคที่ 2: ฉันไม่มีร้านเฉพาะ,(1) entailment\n(2) neutral\n(3) contradiction,(1) คือคำตอบที่ถูกต้เอง,TRUE,TRUE,TRUE,
tha,83,จงเลือกประเภทความสัมพันธ์ของ 2 ประโยคนี้\n ประโยคที่ 1: ฉันจึงไม่มีเรื่องราวเฉพาะเจาะจง\nประโยคที่ 2: ฉันมีร้านเฉพาะ 1 ร้าน,(1) entailment\n(2) neutral\n(3) contradiction,(3) คือคำตอบที่ถูกต้เอง,TRUE,TRUE,TRUE,
tha,84,จงเลือกประเภทความสัมพันธ์ของ 2 ประโยคนี้\n ประโยคที่ 1: ฉันจึงไม่มีเรื่องราวเฉพาะเจาะจง\nประโยคที่ 2: มีร้านค้ามากมาย,(1) entailment\n(2) neutral\n(3) contradiction,(2) คือคำตอบที่ถูกต้เอง,TRUE,TRUE,TRUE,
tha,85,จงเลือกประเภทความสัมพันธ์ของ 2 ประโยคนี้\n ประโยคที่ 1: และเขาก็ไม่เคยต้องทำอะไรเพื่อตัวเองเลยจริงๆ\nประโยคที่ 2: เขาได้รับความช่วยเหลือมากมาย,(1) entailment\n(2) neutral\n(3) contradiction,(1) คือคำตอบที่ถูกต้เอง,TRUE,TRUE,TRUE,
tha,86,จงเลือกประเภทความสัมพันธ์ของ 2 ประโยคนี้\n ประโยคที่ 1: และเขาก็ไม่เคยต้องทำอะไรเพื่อตัวเองเลยจริงๆ\nประโยคที่ 2: เขาได้รับความช่วยเหลือด้านอาหารและเสื้อผ้า,(1) entailment\n(2) neutral\n(3) contradiction,(2) คือคำตอบที่ถูกต้เอง,TRUE,TRUE,TRUE,
tha,87,จงเลือกประเภทความสัมพันธ์ของ 2 ประโยคนี้\n ประโยคที่ 1: และเขาก็ไม่เคยต้องทำอะไรเพื่อตัวเองเลยจริงๆ\nประโยคที่ 2: เขาเป็นอิสระมาก,(1) entailment\n(2) neutral\n(3) contradiction,(3) คือคำตอบที่ถูกต้เอง,TRUE,TRUE,TRUE,
tha,88,จงเลือกประเภทความสัมพันธ์ของ 2 ประโยคนี้\n ประโยคที่ 1: ฉันก็เลยแบบ โอ้ พระเจ้า และราโมนาก็ยืนอยู่ตรงนั้น\nประโยคที่ 2: ราโมนานอนขดตัวอยู่บนพื้นในท่าของทารกในครรภ์,(1) entailment\n(2) neutral\n(3) contradiction,(3) คือคำตอบที่ถูกต้เอง,TRUE,TRUE,TRUE,
tha,89,จงเลือกประเภทความสัมพันธ์ของ 2 ประโยคนี้\n ประโยคที่ 1: ฉันก็เลยแบบ โอ้ พระเจ้า และราโมนาก็ยืนอยู่ตรงนั้น\nประโยคที่ 2: ราโมนากำลังตัดสินฉันอย่างเงียบๆ,(1) entailment\n(2) neutral\n(3) contradiction,(2) คือคำตอบที่ถูกต้เอง,TRUE,TRUE,TRUE,
tha,90,จงเลือกประเภทความสัมพันธ์ของ 2 ประโยคนี้\n ประโยคที่ 1: ฉันก็เลยแบบ โอ้ พระเจ้า และราโมนาก็ยืนอยู่ตรงนั้น\nประโยคที่ 2: ราโมนาเป็นคนซื่อตรงในขณะที่ข้าพเจ้าอยู่ที่นั่นด้วยความเกรงกลัว,(1) entailment\n(2) neutral\n(3) contradiction,(1) คือคำตอบที่ถูกต้เอง,TRUE,TRUE,TRUE,
tha,91,จงเลือกประเภทความสัมพันธ์ของ 2 ประโยคนี้\n ประโยคที่ 1: และความจริงก็คือเธอเบา!\nประโยคที่ 2: เธอกินอาหารมาก แต่ยังคงรักษาน้ำหนักของเธอไว้,(1) entailment\n(2) neutral\n(3) contradiction,(2) คือคำตอบที่ถูกต้เอง,TRUE,TRUE,TRUE,
tha,92,จงเลือกประเภทความสัมพันธ์ของ 2 ประโยคนี้\n ประโยคที่ 1: และความจริงก็คือเธอเบา!\nประโยคที่ 2: เธอไม่ได้มีน้ำหนักมากเลย,(1) entailment\n(2) neutral\n(3) contradiction,(1) คือคำตอบที่ถูกต้เอง,TRUE,TRUE,TRUE,
tha,93,จงเลือกประเภทความสัมพันธ์ของ 2 ประโยคนี้\n ประโยคที่ 1: และความจริงก็คือเธอเบา!\nประโยคที่ 2: เธอมีความสุขมาก,(1) entailment\n(2) neutral\n(3) contradiction,(3) คือคำตอบที่ถูกต้เอง,TRUE,TRUE,TRUE,
tha,94,จงเลือกประเภทความสัมพันธ์ของ 2 ประโยคนี้\n ประโยคที่ 1: ฉันไม่รู้ว่าเขาพักที่ออกัสตาหลังจากนั้นหรือเปล่า\nประโยคที่ 2: เขายังคงอาศัยอยู่ในออกัสตาแม้หลังจากการโจมตี,(1) entailment\n(2) neutral\n(3) contradiction,(2) คือคำตอบที่ถูกต้เอง,TRUE,TRUE,TRUE,
tha,95,จงเลือกประเภทความสัมพันธ์ของ 2 ประโยคนี้\n ประโยคที่ 1: ฉันไม่รู้ว่าเขาพักที่ออกัสตาหลังจากนั้นหรือเปล่า\nประโยคที่ 2: เขายังคงอาศัยอยู่ในออกัสตา,(1) entailment\n(2) neutral\n(3) contradiction,(1) คือคำตอบที่ถูกต้เอง,TRUE,TRUE,TRUE,
tha,96,จงเลือกประเภทความสัมพันธ์ของ 2 ประโยคนี้\n ประโยคที่ 1: ฉันไม่รู้ว่าเขาพักที่ออกัสตาหลังจากนั้นหรือเปล่า\nประโยคที่ 2: เขาย้ายออกจากออกัสตาทันที,(1) entailment\n(2) neutral\n(3) contradiction,(3) คือคำตอบที่ถูกต้เอง,TRUE,TRUE,TRUE,
tha,97,จงเลือกประเภทความสัมพันธ์ของ 2 ประโยคนี้\n ประโยคที่ 1: ทั้งหมดที่เราทำ พวกเขาไม่เคยบอกเราว่าจะไปที่ใด แม้ว่าพวกเขาจะออกจากฐานเพื่อไปที่อื่นเพื่อพักชั่วคราว\nประโยคที่ 2: ฉันไม่เคยถามว่าพวกเขาจะไปไหน,(1) entailment\n(2) neutral\n(3) contradiction,(2) คือคำตอบที่ถูกต้เอง,TRUE,TRUE,TRUE,
tha,98,จงเลือกประเภทความสัมพันธ์ของ 2 ประโยคนี้\n ประโยคที่ 1: ทั้งหมดที่เราทำ พวกเขาไม่เคยบอกเราว่าจะไปที่ใด แม้ว่าพวกเขาจะออกจากฐานเพื่อไปที่อื่นเพื่อพักชั่วคราว\nประโยคที่ 2: พวกเขาบอกเราเสมอว่าพวกเขาอยู่ที่ไหนและกำลังจะไปไหน,(1) entailment\n(2) neutral\n(3) contradiction,(3) คือคำตอบที่ถูกต้เอง,TRUE,TRUE,TRUE,
tha,99,จงเลือกประเภทความสัมพันธ์ของ 2 ประโยคนี้\n ประโยคที่ 1: ทั้งหมดที่เราทำ พวกเขาไม่เคยบอกเราว่าจะไปที่ใด แม้ว่าพวกเขาจะออกจากฐานเพื่อไปที่อื่นเพื่อพักชั่วคราว\nประโยคที่ 2: พวกเขาไม่เคยบอกเราว่าจะไปไหน,(1) entailment\n(2) neutral\n(3) contradiction,(1) คือคำตอบที่ถูกต้เอง,TRUE,TRUE,TRUE,
tha,100,จงเลือกประเภทความสัมพันธ์ของ 2 ประโยคนี้\n ประโยคที่ 1: พวกเขากล่าวว่า เรากำลังจ่ายค่าที่พักให้คุณ\nประโยคที่ 2: พวกเขาจะไม่จ่ายเงินเพื่ออะไร,(1) entailment\n(2) neutral\n(3) contradiction,(3) คือคำตอบที่ถูกต้เอง,TRUE,TRUE,TRUE,
tha,101,จงเลือกประเภทความสัมพันธ์ของ 2 ประโยคนี้\n ประโยคที่ 1: พวกเขากล่าวว่า เรากำลังจ่ายค่าที่พักให้คุณ\nประโยคที่ 2: พวกเขากำลังจ่ายค่าที่อยู่อาศัยให้ฉันและพี่น้องของฉัน,(1) entailment\n(2) neutral\n(3) contradiction,(2) คือคำตอบที่ถูกต้เอง,TRUE,TRUE,TRUE,
tha,102,จงเลือกประเภทความสัมพันธ์ของ 2 ประโยคนี้\n ประโยคที่ 1: พวกเขากล่าวว่า เรากำลังจ่ายค่าที่พักให้คุณ\nประโยคที่ 2: พวกเขากำลังจ่ายค่าที่อยู่อาศัย,(1) entailment\n(2) neutral\n(3) contradiction,(1) คือคำตอบที่ถูกต้เอง,TRUE,TRUE,TRUE,
tha,103,จงเลือกประเภทความสัมพันธ์ของ 2 ประโยคนี้\n ประโยคที่ 1: วันรุ่งขึ้น แน่นอน ประธานาธิบดีเคนเนดี เอ่อ ปิดกั้นคิวบา และ เอ่อ เรือของเราหยุดเรือรัสเซีย ที่มุ่งหน้าไปนอกคิวบาภายใน และพวกเขาพบขีปนาวุธบนตัวพวกเขา\nประโยคที่ 2: เคนเนดีบอกกองทหารของเราให้มองหาขีปนาวุธ,(1) entailment\n(2) neutral\n(3) contradiction,(1) คือคำตอบที่ถูกต้เอง,TRUE,TRUE,TRUE,
tha,104,จงเลือกประเภทความสัมพันธ์ของ 2 ประโยคนี้\n ประโยคที่ 1: วันรุ่งขึ้น แน่นอน ประธานาธิบดีเคนเนดี เอ่อ ปิดกั้นคิวบา และ เอ่อ เรือของเราหยุดเรือรัสเซีย ที่มุ่งหน้าไปนอกคิวบาภายใน และพวกเขาพบขีปนาวุธบนตัวพวกเขา\nประโยคที่ 2: พวกเขาไม่ได้หยุดเรือใดๆ เพราะไม่ต้องการให้เกิดความขัดแย้ง,(1) entailment\n(2) neutral\n(3) contradiction,(3) คือคำตอบที่ถูกต้เอง,TRUE,TRUE,TRUE,
tha,105,จงเลือกประเภทความสัมพันธ์ของ 2 ประโยคนี้\n ประโยคที่ 1: วันรุ่งขึ้น แน่นอน ประธานาธิบดีเคนเนดี เอ่อ ปิดกั้นคิวบา และ เอ่อ เรือของเราหยุดเรือรัสเซีย ที่มุ่งหน้าไปนอกคิวบาภายใน และพวกเขาพบขีปนาวุธบนตัวพวกเขา\nประโยคที่ 2: พวกเขาพบขีปนาวุธ 20 ลูกบนเรือ,(1) entailment\n(2) neutral\n(3) contradiction,(2) คือคำตอบที่ถูกต้เอง,TRUE,TRUE,TRUE,
tha,106,จงเลือกประเภทความสัมพันธ์ของ 2 ประโยคนี้\n ประโยคที่ 1: ผู้ชายคนนั้นเข้ามาได้ยังไง\nประโยคที่ 2: ชายคนนั้นเข้าไปในห้องพิจารณาคดี,(1) entailment\n(2) neutral\n(3) contradiction,(2) คือคำตอบที่ถูกต้เอง,TRUE,TRUE,TRUE,
tha,107,จงเลือกประเภทความสัมพันธ์ของ 2 ประโยคนี้\n ประโยคที่ 1: ผู้ชายคนนั้นเข้ามาได้ยังไง\nประโยคที่ 2: ชายคนนั้นเข้ามาในห้อง,(1) entailment\n(2) neutral\n(3) contradiction,(1) คือคำตอบที่ถูกต้เอง,TRUE,TRUE,TRUE,
tha,108,จงเลือกประเภทความสัมพันธ์ของ 2 ประโยคนี้\n ประโยคที่ 1: ผู้ชายคนนั้นเข้ามาได้ยังไง\nประโยคที่ 2: ชายคนนั้นวิ่งไปทางอื่น,(1) entailment\n(2) neutral\n(3) contradiction,(3) คือคำตอบที่ถูกต้เอง,TRUE,TRUE,TRUE,
tha,109,จงเลือกประเภทความสัมพันธ์ของ 2 ประโยคนี้\n ประโยคที่ 1: อืม ปู่ย่าตายายของฉันเป็นคนที่น่ารักมาก ๆ เสมอ และพ่อแม่ของฉันบางคนก็เป็นแบบนั้น และเราก็แค่มีช่วงเวลาที่ดีที่นั่น\nประโยคที่ 2: ใช้เวลานานในการขับรถไปบ้านปู่ย่าตายายของฉัน,(1) entailment\n(2) neutral\n(3) contradiction,(2) คือคำตอบที่ถูกต้เอง,TRUE,TRUE,TRUE,
tha,110,จงเลือกประเภทความสัมพันธ์ของ 2 ประโยคนี้\n ประโยคที่ 1: อืม ปู่ย่าตายายของฉันเป็นคนที่น่ารักมาก ๆ เสมอ และพ่อแม่ของฉันบางคนก็เป็นแบบนั้น และเราก็แค่มีช่วงเวลาที่ดีที่นั่น\nประโยคที่ 2: ปู่ย่าตายายของฉันเป็นคู่รักที่รักมาก,(1) entailment\n(2) neutral\n(3) contradiction,(1) คือคำตอบที่ถูกต้เอง,TRUE,TRUE,TRUE,
tha,111,จงเลือกประเภทความสัมพันธ์ของ 2 ประโยคนี้\n ประโยคที่ 1: อืม ปู่ย่าตายายของฉันเป็นคนที่น่ารักมาก ๆ เสมอ และพ่อแม่ของฉันบางคนก็เป็นแบบนั้น และเราก็แค่มีช่วงเวลาที่ดีที่นั่น\nประโยคที่ 2: ปู่ย่าตายายของฉันมักจะบ้าๆบอ ๆ อยู่เสมอและเราไม่เคยชอบไปที่บ้านของพวกเขา,(1) entailment\n(2) neutral\n(3) contradiction,(3) คือคำตอบที่ถูกต้เอง,TRUE,TRUE,TRUE,
tha,112,จงเลือกประเภทความสัมพันธ์ของ 2 ประโยคนี้\n ประโยคที่ 1: ฉันไม่มีเวลาเข้าไปทำอะไรเลย\nประโยคที่ 2: ฉันสามารถป้อนมันให้เสร็จในภายหลัง,(1) entailment\n(2) neutral\n(3) contradiction,(2) คือคำตอบที่ถูกต้เอง,TRUE,TRUE,TRUE,
tha,113,จงเลือกประเภทความสัมพันธ์ของ 2 ประโยคนี้\n ประโยคที่ 1: ฉันไม่มีเวลาเข้าไปทำอะไรเลย\nประโยคที่ 2: ฉันป้อนมันตรงเวลา,(1) entailment\n(2) neutral\n(3) contradiction,(3) คือคำตอบที่ถูกต้เอง,TRUE,TRUE,TRUE,
tha,114,จงเลือกประเภทความสัมพันธ์ของ 2 ประโยคนี้\n ประโยคที่ 1: ฉันไม่มีเวลาเข้าไปทำอะไรเลย\nประโยคที่ 2: หมดเวลาเข้าแล้วนะคะ,(1) entailment\n(2) neutral\n(3) contradiction,(1) คือคำตอบที่ถูกต้เอง,TRUE,TRUE,TRUE,
tha,115,จงเลือกประเภทความสัมพันธ์ของ 2 ประโยคนี้\n ประโยคที่ 1: และ เอ่อ งานของฉันอย่างหนึ่งในตอนนั้น คือ ฝึกคนให้รู้จักวิธีใส่ร่มชูชีพบนอาวุธนิวเคลียร์ ที่จุดชนวนระเบิดปรมาณูเอง\nประโยคที่ 2: ระเบิดปรมาณูไม่มีทริกเกอร์,(1) entailment\n(2) neutral\n(3) contradiction,(3) คือคำตอบที่ถูกต้เอง,TRUE,TRUE,TRUE,
tha,116,จงเลือกประเภทความสัมพันธ์ของ 2 ประโยคนี้\n ประโยคที่ 1: และ เอ่อ งานของฉันอย่างหนึ่งในตอนนั้น คือ ฝึกคนให้รู้จักวิธีใส่ร่มชูชีพบนอาวุธนิวเคลียร์ ที่จุดชนวนระเบิดปรมาณูเอง\nประโยคที่ 2: ไกปืนจะจุดชนวนระเบิดเมื่อดึงออก,(1) entailment\n(2) neutral\n(3) contradiction,(1) คือคำตอบที่ถูกต้เอง,TRUE,TRUE,TRUE,
tha,117,จงเลือกประเภทความสัมพันธ์ของ 2 ประโยคนี้\n ประโยคที่ 1: และ เอ่อ งานของฉันอย่างหนึ่งในตอนนั้น คือ ฝึกคนให้รู้จักวิธีใส่ร่มชูชีพบนอาวุธนิวเคลียร์ ที่จุดชนวนระเบิดปรมาณูเอง\nประโยคที่ 2: คุณต้องการแรงเพียงเล็กน้อยเพื่อดึงทริกเกอร์ระเบิดปรมาณู,(1) entailment\n(2) neutral\n(3) contradiction,(2) คือคำตอบที่ถูกต้เอง,TRUE,TRUE,TRUE,
tha,118,จงเลือกประเภทความสัมพันธ์ของ 2 ประโยคนี้\n ประโยคที่ 1: คุณยายของฉันเคยเล่าเรื่องต่างๆ มากมายเกี่ยวกับช่วงวัยที่โตขึ้นของเธอให้ฉันฟัง และโดยเฉพาะ เอ่อ เธอเคยพูดถึงครอบครัวของเธอ และช่วงเวลานั้นเป็นอย่างไร\nประโยคที่ 2: ฉันมักจะชอบฟังเรื่องราวของคุณยายของฉัน,(1) entailment\n(2) neutral\n(3) contradiction,(2) คือคำตอบที่ถูกต้เอง,TRUE,TRUE,TRUE,
tha,119,จงเลือกประเภทความสัมพันธ์ของ 2 ประโยคนี้\n ประโยคที่ 1: คุณยายของฉันเคยเล่าเรื่องต่างๆ มากมายเกี่ยวกับช่วงวัยที่โตขึ้นของเธอให้ฉันฟัง และโดยเฉพาะ เอ่อ เธอเคยพูดถึงครอบครัวของเธอ และช่วงเวลานั้นเป็นอย่างไร\nประโยคที่ 2: คุณยายของฉันมักจะปฏิเสธที่จะพูดถึงวัยเด็กของเธอ,(1) entailment\n(2) neutral\n(3) contradiction,(3) คือคำตอบที่ถูกต้เอง,TRUE,TRUE,TRUE,
tha,120,จงเลือกประเภทความสัมพันธ์ของ 2 ประโยคนี้\n ประโยคที่ 1: คุณยายของฉันเคยเล่าเรื่องต่างๆ มากมายเกี่ยวกับช่วงวัยที่โตขึ้นของเธอให้ฉันฟัง และโดยเฉพาะ เอ่อ เธอเคยพูดถึงครอบครัวของเธอ และช่วงเวลานั้นเป็นอย่างไร\nประโยคที่ 2: คุณยายของฉันเล่าเรื่องครอบครัวของเธอให้ฉันฟังมากมายในช่วงที่เธอโตขึ้น,(1) entailment\n(2) neutral\n(3) contradiction,(1) คือคำตอบที่ถูกต้เอง,TRUE,TRUE,TRUE,
tha,121,จงเลือกประเภทความสัมพันธ์ของ 2 ประโยคนี้\n ประโยคที่ 1: เรามีชุดอัดอากาศเต็มตัวบนเครื่องบิน เช่นเดียวกับที่นักบินอวกาศสวม ยกเว้นชุดของเราเป็นสีเงิน สีเงิน รองเท้าบูท และทุกอย่างเพื่อสะท้อนความร้อน แน่นอน\nประโยคที่ 2: ชุดของเราไม่เหมือนที่นักบินอวกาศมี,(1) entailment\n(2) neutral\n(3) contradiction,(3) คือคำตอบที่ถูกต้เอง,TRUE,TRUE,TRUE,
tha,122,จงเลือกประเภทความสัมพันธ์ของ 2 ประโยคนี้\n ประโยคที่ 1: เรามีชุดอัดอากาศเต็มตัวบนเครื่องบิน เช่นเดียวกับที่นักบินอวกาศสวม ยกเว้นชุดของเราเป็นสีเงิน สีเงิน รองเท้าบูท และทุกอย่างเพื่อสะท้อนความร้อน แน่นอน\nประโยคที่ 2: ชุดของเราเหมือนกับนักบินอวกาศ ยกเว้นเพื่อสะท้อนความร้อน ชุดของเราเป็นสีเงิน,(1) entailment\n(2) neutral\n(3) contradiction,(1) คือคำตอบที่ถูกต้เอง,TRUE,TRUE,TRUE,
tha,123,จงเลือกประเภทความสัมพันธ์ของ 2 ประโยคนี้\n ประโยคที่ 1: เรามีชุดอัดอากาศเต็มตัวบนเครื่องบิน เช่นเดียวกับที่นักบินอวกาศสวม ยกเว้นชุดของเราเป็นสีเงิน สีเงิน รองเท้าบูท และทุกอย่างเพื่อสะท้อนความร้อน แน่นอน\nประโยคที่ 2: คุณสามารถรับชุดสูทในสีใดก็ได้ที่คุณต้องการ,(1) entailment\n(2) neutral\n(3) contradiction,(2) คือคำตอบที่ถูกต้เอง,TRUE,TRUE,TRUE,
tha,124,จงเลือกประเภทความสัมพันธ์ของ 2 ประโยคนี้\n ประโยคที่ 1: และเขาเป็น ปู่ของฉันไม่ใช่คนดี\nประโยคที่ 2: ปู่ของฉันเป็นคนงี่เง่า,(1) entailment\n(2) neutral\n(3) contradiction,(1) คือคำตอบที่ถูกต้เอง,TRUE,TRUE,TRUE,
tha,125,จงเลือกประเภทความสัมพันธ์ของ 2 ประโยคนี้\n ประโยคที่ 1: และเขาเป็น ปู่ของฉันไม่ใช่คนดี\nประโยคที่ 2: คุณปู่ของฉันเหยียดเชื้อชาติและใจร้ายจริงๆ,(1) entailment\n(2) neutral\n(3) contradiction,(2) คือคำตอบที่ถูกต้เอง,TRUE,TRUE,TRUE,
tha,126,จงเลือกประเภทความสัมพันธ์ของ 2 ประโยคนี้\n ประโยคที่ 1: และเขาเป็น ปู่ของฉันไม่ใช่คนดี\nประโยคที่ 2: คุณปู่ของฉันเป็นคนที่อร่อยที่สุดที่คุณเคยเจอ!,(1) entailment\n(2) neutral\n(3) contradiction,(3) คือคำตอบที่ถูกต้เอง,TRUE,TRUE,TRUE,
tha,127,จงเลือกประเภทความสัมพันธ์ของ 2 ประโยคนี้\n ประโยคที่ 1: มันคือเครื่องบิน U2 30 หรือ 40 ลำ และเราจะเริ่มฝึกนักบินชาวจีน นักบินชาวอังกฤษในนั้น ทั่วโลกที่เราเป็นพันธมิตรด้วย\nประโยคที่ 2: เราไม่มีการฝึกอบรมกับใคร,(1) entailment\n(2) neutral\n(3) contradiction,(3) คือคำตอบที่ถูกต้เอง,TRUE,TRUE,TRUE,
tha,128,จงเลือกประเภทความสัมพันธ์ของ 2 ประโยคนี้\n ประโยคที่ 1: มันคือเครื่องบิน U2 30 หรือ 40 ลำ และเราจะเริ่มฝึกนักบินชาวจีน นักบินชาวอังกฤษในนั้น ทั่วโลกที่เราเป็นพันธมิตรด้วย\nประโยคที่ 2: เราฝึกเป็นเวลา 5 สัปดาห์กับชาวอังกฤษ,(1) entailment\n(2) neutral\n(3) contradiction,(2) คือคำตอบที่ถูกต้เอง,TRUE,TRUE,TRUE,
tha,129,จงเลือกประเภทความสัมพันธ์ของ 2 ประโยคนี้\n ประโยคที่ 1: มันคือเครื่องบิน U2 30 หรือ 40 ลำ และเราจะเริ่มฝึกนักบินชาวจีน นักบินชาวอังกฤษในนั้น ทั่วโลกที่เราเป็นพันธมิตรด้วย\nประโยคที่ 2: เราฝึกกับทหารคนอื่นๆ มากมาย,(1) entailment\n(2) neutral\n(3) contradiction,(1) คือคำตอบที่ถูกต้เอง,TRUE,TRUE,TRUE,
tha,130,จงเลือกประเภทความสัมพันธ์ของ 2 ประโยคนี้\n ประโยคที่ 1: เธอก็แบบว่า ดูนี่สิ ดูนี่ในบริษัทนั้นสิ\nประโยคที่ 2: เธอไม่พูดกับฉัน,(1) entailment\n(2) neutral\n(3) contradiction,(3) คือคำตอบที่ถูกต้เอง,TRUE,TRUE,TRUE,
tha,131,จงเลือกประเภทความสัมพันธ์ของ 2 ประโยคนี้\n ประโยคที่ 1: เธอก็แบบว่า ดูนี่สิ ดูนี่ในบริษัทนั้นสิ\nประโยคที่ 2: เธอบอกให้ฉันค้นหาบางอย่าง,(1) entailment\n(2) neutral\n(3) contradiction,(1) คือคำตอบที่ถูกต้เอง,TRUE,TRUE,TRUE,
tha,132,จงเลือกประเภทความสัมพันธ์ของ 2 ประโยคนี้\n ประโยคที่ 1: เธอก็แบบว่า ดูนี่สิ ดูนี่ในบริษัทนั้นสิ\nประโยคที่ 2: เธอบอกให้ฉันค้นหาข้อมูลทางการเงินของพวกเขา,(1) entailment\n(2) neutral\n(3) contradiction,(2) คือคำตอบที่ถูกต้เอง,TRUE,TRUE,TRUE,
tha,133,จงเลือกประเภทความสัมพันธ์ของ 2 ประโยคนี้\n ประโยคที่ 1: เขาบอกว่าพวกเขาขึ้นไปทางเหนือแล้ว\nประโยคที่ 2: เขาบอกว่าระหว่างทางหยุดไปสองสามป้าย,(1) entailment\n(2) neutral\n(3) contradiction,(2) คือคำตอบที่ถูกต้เอง,TRUE,TRUE,TRUE,
tha,134,จงเลือกประเภทความสัมพันธ์ของ 2 ประโยคนี้\n ประโยคที่ 1: เขาบอกว่าพวกเขาขึ้นไปทางเหนือแล้ว\nประโยคที่ 2: เขาบอกว่าพวกเขาลงไปทางใต้,(1) entailment\n(2) neutral\n(3) contradiction,(3) คือคำตอบที่ถูกต้เอง,TRUE,TRUE,TRUE,
tha,135,จงเลือกประเภทความสัมพันธ์ของ 2 ประโยคนี้\n ประโยคที่ 1: เขาบอกว่าพวกเขาขึ้นไปทางเหนือแล้ว\nประโยคที่ 2: เขาบอกว่าพวกเขาขึ้นไปทางเหนือ,(1) entailment\n(2) neutral\n(3) contradiction,(1) คือคำตอบที่ถูกต้เอง,TRUE,TRUE,TRUE,
tha,136,จงเลือกประเภทความสัมพันธ์ของ 2 ประโยคนี้\n ประโยคที่ 1: อืม ไม่ พูดตามตรง ฉันไม่เคยอ่านหนังสือที่ควรอ่านเลย\nประโยคที่ 2: ฉันไม่ได้อ่านหนังสือใด ๆ ที่มีความยาวเกิน 100 หน้า,(1) entailment\n(2) neutral\n(3) contradiction,(2) คือคำตอบที่ถูกต้เอง,TRUE,TRUE,TRUE,
tha,137,จงเลือกประเภทความสัมพันธ์ของ 2 ประโยคนี้\n ประโยคที่ 1: อืม ไม่ พูดตามตรง ฉันไม่เคยอ่านหนังสือที่ควรอ่านเลย\nประโยคที่ 2: ฉันไม่ได้อ่านหนังสือหลายเล่ม,(1) entailment\n(2) neutral\n(3) contradiction,(1) คือคำตอบที่ถูกต้เอง,TRUE,TRUE,TRUE,
tha,138,จงเลือกประเภทความสัมพันธ์ของ 2 ประโยคนี้\n ประโยคที่ 1: อืม ไม่ พูดตามตรง ฉันไม่เคยอ่านหนังสือที่ควรอ่านเลย\nประโยคที่ 2: ฉันอ่านหนังสือทุกวัน,(1) entailment\n(2) neutral\n(3) contradiction,(3) คือคำตอบที่ถูกต้เอง,TRUE,TRUE,TRUE,
tha,139,จงเลือกประเภทความสัมพันธ์ของ 2 ประโยคนี้\n ประโยคที่ 1: ฉันไปข้างหน้าและเลือกสัมภาระและไปยังที่อยู่ที่ฉันควรจะไป\nประโยคที่ 2: ฉันทิ้งกระเป๋าไว้และคิดว่ามันไม่ใช่ปัญหาของฉัน,(1) entailment\n(2) neutral\n(3) contradiction,(3) คือคำตอบที่ถูกต้เอง,TRUE,TRUE,TRUE,
tha,140,จงเลือกประเภทความสัมพันธ์ของ 2 ประโยคนี้\n ประโยคที่ 1: ฉันไปข้างหน้าและเลือกสัมภาระและไปยังที่อยู่ที่ฉันควรจะไป\nประโยคที่ 2: ฉันเอากระเป๋าไปที่อพาร์ตเมนต์ของเขา,(1) entailment\n(2) neutral\n(3) contradiction,(2) คือคำตอบที่ถูกต้เอง,TRUE,TRUE,TRUE,
tha,141,จงเลือกประเภทความสัมพันธ์ของ 2 ประโยคนี้\n ประโยคที่ 1: ฉันไปข้างหน้าและเลือกสัมภาระและไปยังที่อยู่ที่ฉันควรจะไป\nประโยคที่ 2: ฉันเอากระเป๋าไปไว้ในที่ของมัน,(1) entailment\n(2) neutral\n(3) contradiction,(1) คือคำตอบที่ถูกต้เอง,TRUE,TRUE,TRUE,
tha,142,จงเลือกประเภทความสัมพันธ์ของ 2 ประโยคนี้\n ประโยคที่ 1: มันเป็นอารมณ์แปรปรวนที่น่าทึ่ง\nประโยคที่ 2: อารมณ์ของเธอคงเดิมอย่างสมบูรณ์,(1) entailment\n(2) neutral\n(3) contradiction,(3) คือคำตอบที่ถูกต้เอง,TRUE,TRUE,TRUE,
tha,143,จงเลือกประเภทความสัมพันธ์ของ 2 ประโยคนี้\n ประโยคที่ 1: มันเป็นอารมณ์แปรปรวนที่น่าทึ่ง\nประโยคที่ 2: เธอเปลี่ยนจากสุขเป็นทุกข์,(1) entailment\n(2) neutral\n(3) contradiction,(2) คือคำตอบที่ถูกต้เอง,TRUE,TRUE,TRUE,
tha,144,จงเลือกประเภทความสัมพันธ์ของ 2 ประโยคนี้\n ประโยคที่ 1: มันเป็นอารมณ์แปรปรวนที่น่าทึ่ง\nประโยคที่ 2: อารมณ์เปลี่ยนไปมาก,(1) entailment\n(2) neutral\n(3) contradiction,(1) คือคำตอบที่ถูกต้เอง,TRUE,TRUE,TRUE,
tha,145,จงเลือกประเภทความสัมพันธ์ของ 2 ประโยคนี้\n ประโยคที่ 1: พวกเขาเลือกฉันมากกว่า 15 คนที่นั่น เพื่อเข้าเรียนในโรงเรียนนั้น และฉันไม่ ฉันไม่\nประโยคที่ 2: ฉันไม่ได้รับเลือกให้เข้าเรียน,(1) entailment\n(2) neutral\n(3) contradiction,(3) คือคำตอบที่ถูกต้เอง,TRUE,TRUE,TRUE,
tha,146,จงเลือกประเภทความสัมพันธ์ของ 2 ประโยคนี้\n ประโยคที่ 1: พวกเขาเลือกฉันมากกว่า 15 คนที่นั่น เพื่อเข้าเรียนในโรงเรียนนั้น และฉันไม่ ฉันไม่\nประโยคที่ 2: ฉันถูกเลือกให้ไปโรงเรียนนั้น,(1) entailment\n(2) neutral\n(3) contradiction,(1) คือคำตอบที่ถูกต้เอง,TRUE,TRUE,TRUE,
tha,147,จงเลือกประเภทความสัมพันธ์ของ 2 ประโยคนี้\n ประโยคที่ 1: พวกเขาเลือกฉันมากกว่า 15 คนที่นั่น เพื่อเข้าเรียนในโรงเรียนนั้น และฉันไม่ ฉันไม่\nประโยคที่ 2: ฉันเป็นผู้สมัครที่น่าเชื่อถือที่สุด,(1) entailment\n(2) neutral\n(3) contradiction,(2) คือคำตอบที่ถูกต้เอง,TRUE,TRUE,TRUE,
tha,148,จงเลือกประเภทความสัมพันธ์ของ 2 ประโยคนี้\n ประโยคที่ 1: พวกเขาต้องผ่านห้องระดับความสูงจำนวนมาก เอ่อ ขี่ก่อนที่พวกเขาจะเริ่มบิน U2 หรือบินด้วยชุดแรงดัน\nประโยคที่ 2: คนส่วนใหญ่สอบไม่ผ่านและไม่เคยบิน U2 เลย,(1) entailment\n(2) neutral\n(3) contradiction,(2) คือคำตอบที่ถูกต้เอง,TRUE,TRUE,TRUE,
tha,149,จงเลือกประเภทความสัมพันธ์ของ 2 ประโยคนี้\n ประโยคที่ 1: พวกเขาต้องผ่านห้องระดับความสูงจำนวนมาก เอ่อ ขี่ก่อนที่พวกเขาจะเริ่มบิน U2 หรือบินด้วยชุดแรงดัน\nประโยคที่ 2: พวกเขาต้องผ่านการฝึกฝนมากมายก่อนที่จะบิน U2,(1) entailment\n(2) neutral\n(3) contradiction,(1) คือคำตอบที่ถูกต้เอง,TRUE,TRUE,TRUE,
tha,150,จงเลือกประเภทความสัมพันธ์ของ 2 ประโยคนี้\n ประโยคที่ 1: พวกเขาต้องผ่านห้องระดับความสูงจำนวนมาก เอ่อ ขี่ก่อนที่พวกเขาจะเริ่มบิน U2 หรือบินด้วยชุดแรงดัน\nประโยคที่ 2: พวกเขาให้คุณบิน U2 ในวันแรก,(1) entailment\n(2) neutral\n(3) contradiction,(3) คือคำตอบที่ถูกต้เอง,TRUE,TRUE,TRUE,
tha,151,จงเลือกประเภทความสัมพันธ์ของ 2 ประโยคนี้\n ประโยคที่ 1: ฉันครอบคลุมสิ่งเดียวกัน\nประโยคที่ 2: ฉันครอบคลุมเนื้อหาใหม่ทั้งหมด,(1) entailment\n(2) neutral\n(3) contradiction,(3) คือคำตอบที่ถูกต้เอง,TRUE,TRUE,TRUE,
tha,152,จงเลือกประเภทความสัมพันธ์ของ 2 ประโยคนี้\n ประโยคที่ 1: ฉันครอบคลุมสิ่งเดียวกัน\nประโยคที่ 2: ฉันครอบคลุมเนื้อหาเดียวกันกับนิตยสารอื่นๆ,(1) entailment\n(2) neutral\n(3) contradiction,(2) คือคำตอบที่ถูกต้เอง,TRUE,TRUE,TRUE,
tha,153,จงเลือกประเภทความสัมพันธ์ของ 2 ประโยคนี้\n ประโยคที่ 1: ฉันครอบคลุมสิ่งเดียวกัน\nประโยคที่ 2: ฉันกำลังพูดถึงสิ่งเดียวกันกับที่พวกเขาทำ,(1) entailment\n(2) neutral\n(3) contradiction,(1) คือคำตอบที่ถูกต้เอง,TRUE,TRUE,TRUE,
tha,154,จงเลือกประเภทความสัมพันธ์ของ 2 ประโยคนี้\n ประโยคที่ 1: นี่เป็นครั้งแรกที่เกิดขึ้นในรอบ 75 ปีที่สภานิติบัญญัติของ TX โหวตให้หน่วยทหารเป็นทูตของ TX ดังนั้นจำเป็นต้องมีทูตของ TX\nประโยคที่ 2: หน่วยทหารไม่ได้รับอนุญาตให้เป็นทูต TX,(1) entailment\n(2) neutral\n(3) contradiction,(3) คือคำตอบที่ถูกต้เอง,TRUE,TRUE,TRUE,
tha,155,จงเลือกประเภทความสัมพันธ์ของ 2 ประโยคนี้\n ประโยคที่ 1: นี่เป็นครั้งแรกที่เกิดขึ้นในรอบ 75 ปีที่สภานิติบัญญัติของ TX โหวตให้หน่วยทหารเป็นทูตของ TX ดังนั้นจำเป็นต้องมีทูตของ TX\nประโยคที่ 2: หน่วยทหารได้รับการแต่งตั้งให้เป็นเอกอัครราชทูต TX ประจำรัฐสภาคองเกรสแห่งสหรัฐอเมริกา,(1) entailment\n(2) neutral\n(3) contradiction,(2) คือคำตอบที่ถูกต้เอง,TRUE,TRUE,TRUE,
tha,156,จงเลือกประเภทความสัมพันธ์ของ 2 ประโยคนี้\n ประโยคที่ 1: นี่เป็นครั้งแรกที่เกิดขึ้นในรอบ 75 ปีที่สภานิติบัญญัติของ TX โหวตให้หน่วยทหารเป็นทูตของ TX ดังนั้นจำเป็นต้องมีทูตของ TX\nประโยคที่ 2: หน่วยทหารได้รับการตั้งชื่อว่าเอกอัครราชทูต TX,(1) entailment\n(2) neutral\n(3) contradiction,(1) คือคำตอบที่ถูกต้เอง,TRUE,TRUE,TRUE,
tha,157,จงเลือกประเภทความสัมพันธ์ของ 2 ประโยคนี้\n ประโยคที่ 1: ถ้ามีอะไรที่ฉันสามารถทำได้\nประโยคที่ 2: ฉันจะทำอะไรก็ได้,(1) entailment\n(2) neutral\n(3) contradiction,(1) คือคำตอบที่ถูกต้เอง,TRUE,TRUE,TRUE,
tha,158,จงเลือกประเภทความสัมพันธ์ของ 2 ประโยคนี้\n ประโยคที่ 1: ถ้ามีอะไรที่ฉันสามารถทำได้\nประโยคที่ 2: ฉันรู้ว่าไม่มีอะไรที่ฉันสามารถทำได้,(1) entailment\n(2) neutral\n(3) contradiction,(3) คือคำตอบที่ถูกต้เอง,TRUE,TRUE,TRUE,
tha,159,จงเลือกประเภทความสัมพันธ์ของ 2 ประโยคนี้\n ประโยคที่ 1: ถ้ามีอะไรที่ฉันสามารถทำได้\nประโยคที่ 2: ฉันคิดว่าฉันสามารถทำอะไรบางอย่างเพื่อช่วยเขา,(1) entailment\n(2) neutral\n(3) contradiction,(2) คือคำตอบที่ถูกต้เอง,TRUE,TRUE,TRUE,
tha,160,จงเลือกประเภทความสัมพันธ์ของ 2 ประโยคนี้\n ประโยคที่ 1: เธอเกลียดสิ่งนั้น และเธอเคยบอกน้องสาวของเธอทุกวัน เธอบอกว่า เธอกำลังทำผิด\nประโยคที่ 2: เป็นกำลังใจให้พี่สาวเสมอ,(1) entailment\n(2) neutral\n(3) contradiction,(3) คือคำตอบที่ถูกต้เอง,TRUE,TRUE,TRUE,
tha,161,จงเลือกประเภทความสัมพันธ์ของ 2 ประโยคนี้\n ประโยคที่ 1: เธอเกลียดสิ่งนั้น และเธอเคยบอกน้องสาวของเธอทุกวัน เธอบอกว่า เธอกำลังทำผิด\nประโยคที่ 2: เธอทำให้ชัดเจนว่าน้องสาวของเธอไม่สามารถทำอะไรได้ถูกต้อง,(1) entailment\n(2) neutral\n(3) contradiction,(2) คือคำตอบที่ถูกต้เอง,TRUE,TRUE,TRUE,
tha,162,จงเลือกประเภทความสัมพันธ์ของ 2 ประโยคนี้\n ประโยคที่ 1: เธอเกลียดสิ่งนั้น และเธอเคยบอกน้องสาวของเธอทุกวัน เธอบอกว่า เธอกำลังทำผิด\nประโยคที่ 2: เธอวิจารณ์น้องสาวของเธออย่างมาก,(1) entailment\n(2) neutral\n(3) contradiction,(1) คือคำตอบที่ถูกต้เอง,TRUE,TRUE,TRUE,
tha,163,จงเลือกประเภทความสัมพันธ์ของ 2 ประโยคนี้\n ประโยคที่ 1: ฉันก็เลยไปที่บ้านของเธอแล้วโทรไปเบอร์นี้ที่ฉันควรจะโทรไปเมื่อไปถึงที่นั่น\nประโยคที่ 2: ฉันยืมโทรศัพท์ของเธอเพื่อโทรออก,(1) entailment\n(2) neutral\n(3) contradiction,(2) คือคำตอบที่ถูกต้เอง,TRUE,TRUE,TRUE,
tha,164,จงเลือกประเภทความสัมพันธ์ของ 2 ประโยคนี้\n ประโยคที่ 1: ฉันก็เลยไปที่บ้านของเธอแล้วโทรไปเบอร์นี้ที่ฉันควรจะโทรไปเมื่อไปถึงที่นั่น\nประโยคที่ 2: ฉันโทรไปที่หมายเลขเมื่อมาถึงบ้านของเธอ,(1) entailment\n(2) neutral\n(3) contradiction,(1) คือคำตอบที่ถูกต้เอง,TRUE,TRUE,TRUE,
tha,165,จงเลือกประเภทความสัมพันธ์ของ 2 ประโยคนี้\n ประโยคที่ 1: ฉันก็เลยไปที่บ้านของเธอแล้วโทรไปเบอร์นี้ที่ฉันควรจะโทรไปเมื่อไปถึงที่นั่น\nประโยคที่ 2: ฉันควรจะโทรไปแต่ก็ไม่ทำ,(1) entailment\n(2) neutral\n(3) contradiction,(3) คือคำตอบที่ถูกต้เอง,TRUE,TRUE,TRUE,
tha,166,จงเลือกประเภทความสัมพันธ์ของ 2 ประโยคนี้\n ประโยคที่ 1: ฉันไปถึงที่นั่นเมื่อเช้านี้ และเอ่อ ฉันลืมไปว่า ฉันคิดว่าฉันถามคำถามแล้วเขาก็เข้ามา หรืออะไรก็ตาม\nประโยคที่ 2: วันนี้ไม่ได้ไป เลยไม่ได้เจอ,(1) entailment\n(2) neutral\n(3) contradiction,(3) คือคำตอบที่ถูกต้เอง,TRUE,TRUE,TRUE,
tha,167,จงเลือกประเภทความสัมพันธ์ของ 2 ประโยคนี้\n ประโยคที่ 1: ฉันไปถึงที่นั่นเมื่อเช้านี้ และเอ่อ ฉันลืมไปว่า ฉันคิดว่าฉันถามคำถามแล้วเขาก็เข้ามา หรืออะไรก็ตาม\nประโยคที่ 2: วันนี้ฉันมาที่ยิม แล้วเขาก็เข้ามาทีหลังและกล่าวสวัสดี,(1) entailment\n(2) neutral\n(3) contradiction,(2) คือคำตอบที่ถูกต้เอง,TRUE,TRUE,TRUE,
tha,168,จงเลือกประเภทความสัมพันธ์ของ 2 ประโยคนี้\n ประโยคที่ 1: ฉันไปถึงที่นั่นเมื่อเช้านี้ และเอ่อ ฉันลืมไปว่า ฉันคิดว่าฉันถามคำถามแล้วเขาก็เข้ามา หรืออะไรก็ตาม\nประโยคที่ 2: ฉันปรากฏตัวขึ้นเมื่อเช้านี้และเขาก็มาด้วย,(1) entailment\n(2) neutral\n(3) contradiction,(1) คือคำตอบที่ถูกต้เอง,TRUE,TRUE,TRUE,
tha,169,จงเลือกประเภทความสัมพันธ์ของ 2 ประโยคนี้\n ประโยคที่ 1: เราไม่รู้ว่าพวกเขากำลังจะไปไหน\nประโยคที่ 2: เราไม่ทราบว่ากลุ่มกำลังเดินทางไปที่ใดระหว่างรัฐ,(1) entailment\n(2) neutral\n(3) contradiction,(2) คือคำตอบที่ถูกต้เอง,TRUE,TRUE,TRUE,
tha,170,จงเลือกประเภทความสัมพันธ์ของ 2 ประโยคนี้\n ประโยคที่ 1: เราไม่รู้ว่าพวกเขากำลังจะไปไหน\nประโยคที่ 2: เราไม่รู้ว่าผู้คนกำลังเดินทางไปไหน,(1) entailment\n(2) neutral\n(3) contradiction,(1) คือคำตอบที่ถูกต้เอง,TRUE,TRUE,TRUE,
tha,171,จงเลือกประเภทความสัมพันธ์ของ 2 ประโยคนี้\n ประโยคที่ 1: เราไม่รู้ว่าพวกเขากำลังจะไปไหน\nประโยคที่ 2: เรารู้ว่าพวกเขากำลังมุ่งหน้าไปที่ใด,(1) entailment\n(2) neutral\n(3) contradiction,(3) คือคำตอบที่ถูกต้เอง,TRUE,TRUE,TRUE,
tha,172,จงเลือกประเภทความสัมพันธ์ของ 2 ประโยคนี้\n ประโยคที่ 1: แต่ฉันก็แบบ ลืมไปเลย ฉันกำลังจะไปกินข้าวกลางวัน ฉันหิว\nประโยคที่ 2: ฉันไม่มีความอยากอาหารเลย,(1) entailment\n(2) neutral\n(3) contradiction,(3) คือคำตอบที่ถูกต้เอง,TRUE,TRUE,TRUE,
tha,173,จงเลือกประเภทความสัมพันธ์ของ 2 ประโยคนี้\n ประโยคที่ 1: แต่ฉันก็แบบ ลืมไปเลย ฉันกำลังจะไปกินข้าวกลางวัน ฉันหิว\nประโยคที่ 2: ฉันหิวจึงตัดสินใจกินข้าว,(1) entailment\n(2) neutral\n(3) contradiction,(1) คือคำตอบที่ถูกต้เอง,TRUE,TRUE,TRUE,
tha,174,จงเลือกประเภทความสัมพันธ์ของ 2 ประโยคนี้\n ประโยคที่ 1: แต่ฉันก็แบบ ลืมไปเลย ฉันกำลังจะไปกินข้าวกลางวัน ฉันหิว\nประโยคที่ 2: ฉันหิวจึงไปที่โรงอาหาร,(1) entailment\n(2) neutral\n(3) contradiction,(2) คือคำตอบที่ถูกต้เอง,TRUE,TRUE,TRUE,
tha,175,จงเลือกประเภทความสัมพันธ์ของ 2 ประโยคนี้\n ประโยคที่ 1: และให้ฉันบอกคุณว่าฉันมาถึงจุดที่ฉันจะเลิกในวันนี้\nประโยคที่ 2: ฉันเกือบจะเลิกแล้ว,(1) entailment\n(2) neutral\n(3) contradiction,(1) คือคำตอบที่ถูกต้เอง,TRUE,TRUE,TRUE,
tha,176,จงเลือกประเภทความสัมพันธ์ของ 2 ประโยคนี้\n ประโยคที่ 1: และให้ฉันบอกคุณว่าฉันมาถึงจุดที่ฉันจะเลิกในวันนี้\nประโยคที่ 2: ฉันได้รับความทุกข์โศกจากพวกเขามากจนไม่สามารถทนได้อีกต่อไป,(1) entailment\n(2) neutral\n(3) contradiction,(2) คือคำตอบที่ถูกต้เอง,TRUE,TRUE,TRUE,
tha,177,จงเลือกประเภทความสัมพันธ์ของ 2 ประโยคนี้\n ประโยคที่ 1: และให้ฉันบอกคุณว่าฉันมาถึงจุดที่ฉันจะเลิกในวันนี้\nประโยคที่ 2: มันไม่เคยเข้ามาในความคิดของฉันที่จะเลิก,(1) entailment\n(2) neutral\n(3) contradiction,(3) คือคำตอบที่ถูกต้เอง,TRUE,TRUE,TRUE,
tha,178,จงเลือกประเภทความสัมพันธ์ของ 2 ประโยคนี้\n ประโยคที่ 1: เขาเกิดในปี พ.ศ. 2423 ประมาณปี พ.ศ. 2432 ฉันคิดว่าเป็นปี พ.ศ. 2432 ฉันคิดว่าเป็นตอนที่เขาเกิด\nประโยคที่ 2: เขาเกิดก่อนปี 1900,(1) entailment\n(2) neutral\n(3) contradiction,(1) คือคำตอบที่ถูกต้เอง,TRUE,TRUE,TRUE,
tha,179,จงเลือกประเภทความสัมพันธ์ของ 2 ประโยคนี้\n ประโยคที่ 1: เขาเกิดในปี พ.ศ. 2423 ประมาณปี พ.ศ. 2432 ฉันคิดว่าเป็นปี พ.ศ. 2432 ฉันคิดว่าเป็นตอนที่เขาเกิด\nประโยคที่ 2: เขาเกิดในเดือนธันวาคม พ.ศ. 2423,(1) entailment\n(2) neutral\n(3) contradiction,(2) คือคำตอบที่ถูกต้เอง,TRUE,TRUE,TRUE,
tha,180,จงเลือกประเภทความสัมพันธ์ของ 2 ประโยคนี้\n ประโยคที่ 1: เขาเกิดในปี พ.ศ. 2423 ประมาณปี พ.ศ. 2432 ฉันคิดว่าเป็นปี พ.ศ. 2432 ฉันคิดว่าเป็นตอนที่เขาเกิด\nประโยคที่ 2: เขาไม่ได้เกิดจนถึงปี 1984,(1) entailment\n(2) neutral\n(3) contradiction,(3) คือคำตอบที่ถูกต้เอง,TRUE,TRUE,TRUE,
tha,181,จงเลือกประเภทความสัมพันธ์ของ 2 ประโยคนี้\n ประโยคที่ 1: คุณควรลดสกรูตัวเล็กๆ ลงหน่อย เพราะคุณสามารถทำลายปอดของแต่ละคนได้ง่ายมาก\nประโยคที่ 2: สกรูตัวนั้นสามารถทำร้ายปอดของใครบางคนได้,(1) entailment\n(2) neutral\n(3) contradiction,(1) คือคำตอบที่ถูกต้เอง,TRUE,TRUE,TRUE,
tha,182,จงเลือกประเภทความสัมพันธ์ของ 2 ประโยคนี้\n ประโยคที่ 1: คุณควรลดสกรูตัวเล็กๆ ลงหน่อย เพราะคุณสามารถทำลายปอดของแต่ละคนได้ง่ายมาก\nประโยคที่ 2: สกรูไม่มีความเสี่ยง ดังนั้นขันให้แน่นเท่าที่คุณต้องการ,(1) entailment\n(2) neutral\n(3) contradiction,(3) คือคำตอบที่ถูกต้เอง,TRUE,TRUE,TRUE,
tha,183,จงเลือกประเภทความสัมพันธ์ของ 2 ประโยคนี้\n ประโยคที่ 1: คุณควรลดสกรูตัวเล็กๆ ลงหน่อย เพราะคุณสามารถทำลายปอดของแต่ละคนได้ง่ายมาก\nประโยคที่ 2: สกรูเข้าไปในหลอดลมและสามารถทำร้ายปอดได้,(1) entailment\n(2) neutral\n(3) contradiction,(2) คือคำตอบที่ถูกต้เอง,TRUE,TRUE,TRUE,
tha,184,จงเลือกประเภทความสัมพันธ์ของ 2 ประโยคนี้\n ประโยคที่ 1: ฉันได้รับคำสั่งให้ไปที่เดลริโอ รัฐเท็กซัส ดังนั้นเมื่อฉันไปถึงที่นั่น ฉันพบว่าฉันต้องไปที่ฐานทัพอากาศลาฟลิน\nประโยคที่ 2: ฉันถูกส่งไปทำงานที่เดลริโอ รัฐเท็กซัส,(1) entailment\n(2) neutral\n(3) contradiction,(1) คือคำตอบที่ถูกต้เอง,TRUE,TRUE,TRUE,
tha,185,จงเลือกประเภทความสัมพันธ์ของ 2 ประโยคนี้\n ประโยคที่ 1: ฉันได้รับคำสั่งให้ไปที่เดลริโอ รัฐเท็กซัส ดังนั้นเมื่อฉันไปถึงที่นั่น ฉันพบว่าฉันต้องไปที่ฐานทัพอากาศลาฟลิน\nประโยคที่ 2: ฉันไม่เคยไปเท็กซัส,(1) entailment\n(2) neutral\n(3) contradiction,(3) คือคำตอบที่ถูกต้เอง,TRUE,TRUE,TRUE,
tha,186,จงเลือกประเภทความสัมพันธ์ของ 2 ประโยคนี้\n ประโยคที่ 1: ฉันได้รับคำสั่งให้ไปที่เดลริโอ รัฐเท็กซัส ดังนั้นเมื่อฉันไปถึงที่นั่น ฉันพบว่าฉันต้องไปที่ฐานทัพอากาศลาฟลิน\nประโยคที่ 2: กองทัพอากาศส่งฉันไปที่เดลริโอ รัฐเท็กซัส ในปี 2544,(1) entailment\n(2) neutral\n(3) contradiction,(2) คือคำตอบที่ถูกต้เอง,TRUE,TRUE,TRUE,
tha,187,จงเลือกประเภทความสัมพันธ์ของ 2 ประโยคนี้\n ประโยคที่ 1: ทุกคนได้รับแชมเปญและบางคนไม่ดื่มมัน ดังนั้นสิ่งที่เหลือให้เด็กๆ ดื่ม เราก็เลยดื่มแชมเปญไปรอบๆ\nประโยคที่ 2: เด็กๆ ดื่มแชมเปญ 3 ขวด,(1) entailment\n(2) neutral\n(3) contradiction,(2) คือคำตอบที่ถูกต้เอง,TRUE,TRUE,TRUE,
tha,188,จงเลือกประเภทความสัมพันธ์ของ 2 ประโยคนี้\n ประโยคที่ 1: ทุกคนได้รับแชมเปญและบางคนไม่ดื่มมัน ดังนั้นสิ่งที่เหลือให้เด็กๆ ดื่ม เราก็เลยดื่มแชมเปญไปรอบๆ\nประโยคที่ 2: เด็กๆ ดื่มแชมเปญกัน,(1) entailment\n(2) neutral\n(3) contradiction,(1) คือคำตอบที่ถูกต้เอง,TRUE,TRUE,TRUE,
tha,189,จงเลือกประเภทความสัมพันธ์ของ 2 ประโยคนี้\n ประโยคที่ 1: ทุกคนได้รับแชมเปญและบางคนไม่ดื่มมัน ดังนั้นสิ่งที่เหลือให้เด็กๆ ดื่ม เราก็เลยดื่มแชมเปญไปรอบๆ\nประโยคที่ 2: ทั้งปาร์ตี้แห้งและไม่มีแอลกอฮอล์เสิร์ฟ,(1) entailment\n(2) neutral\n(3) contradiction,(3) คือคำตอบที่ถูกต้เอง,TRUE,TRUE,TRUE,
tha,190,จงเลือกประเภทความสัมพันธ์ของ 2 ประโยคนี้\n ประโยคที่ 1: มีเรื่องราวมากมายในเมืองที่เปลือยเปล่า\nประโยคที่ 2: ฉันไม่ได้ยินเรื่องราวใด ๆ,(1) entailment\n(2) neutral\n(3) contradiction,(3) คือคำตอบที่ถูกต้เอง,TRUE,TRUE,TRUE,
tha,191,จงเลือกประเภทความสัมพันธ์ของ 2 ประโยคนี้\n ประโยคที่ 1: มีเรื่องราวมากมายในเมืองที่เปลือยเปล่า\nประโยคที่ 2: มีเรื่องราวมากมายเกี่ยวกับทหาร,(1) entailment\n(2) neutral\n(3) contradiction,(2) คือคำตอบที่ถูกต้เอง,TRUE,TRUE,TRUE,
tha,192,จงเลือกประเภทความสัมพันธ์ของ 2 ประโยคนี้\n ประโยคที่ 1: มีเรื่องราวมากมายในเมืองที่เปลือยเปล่า\nประโยคที่ 2: มีเรื่องราวมากมายที่ได้รับการบอกเล่า,(1) entailment\n(2) neutral\n(3) contradiction,(1) คือคำตอบที่ถูกต้เอง,TRUE,TRUE,TRUE,
tha,193,จงเลือกประเภทความสัมพันธ์ของ 2 ประโยคนี้\n ประโยคที่ 1: คุณใช้ชีวิตและเรียนรู้ เมื่อคุณทดสอบ เอ่อ เครื่องบิน\nประโยคที่ 2: ฉันไม่รู้อะไรเลยเกี่ยวกับการทดสอบเครื่องบิน,(1) entailment\n(2) neutral\n(3) contradiction,(3) คือคำตอบที่ถูกต้เอง,TRUE,TRUE,TRUE,
tha,194,จงเลือกประเภทความสัมพันธ์ของ 2 ประโยคนี้\n ประโยคที่ 1: คุณใช้ชีวิตและเรียนรู้ เมื่อคุณทดสอบ เอ่อ เครื่องบิน\nประโยคที่ 2: การทดสอบเครื่องบินสอนบทเรียนมากมายให้คุณ,(1) entailment\n(2) neutral\n(3) contradiction,(1) คือคำตอบที่ถูกต้เอง,TRUE,TRUE,TRUE,
tha,195,จงเลือกประเภทความสัมพันธ์ของ 2 ประโยคนี้\n ประโยคที่ 1: คุณใช้ชีวิตและเรียนรู้ เมื่อคุณทดสอบ เอ่อ เครื่องบิน\nประโยคที่ 2: เครื่องบินทดสอบจะสอนวิธีจัดการกับแรงกดดัน,(1) entailment\n(2) neutral\n(3) contradiction,(2) คือคำตอบที่ถูกต้เอง,TRUE,TRUE,TRUE,
tha,196,จงเลือกประเภทความสัมพันธ์ของ 2 ประโยคนี้\n ประโยคที่ 1: ฉันหมายความว่านั่นคือประเด็นทั้งหมด\nประโยคที่ 2: ฉันไม่เข้าใจประเด็น,(1) entailment\n(2) neutral\n(3) contradiction,(3) คือคำตอบที่ถูกต้เอง,TRUE,TRUE,TRUE,
tha,197,จงเลือกประเภทความสัมพันธ์ของ 2 ประโยคนี้\n ประโยคที่ 1: ฉันหมายความว่านั่นคือประเด็นทั้งหมด\nประโยคที่ 2: ฉันคิดว่าประเด็นคือบอกเราว่ามันอันตรายแค่ไหน,(1) entailment\n(2) neutral\n(3) contradiction,(2) คือคำตอบที่ถูกต้เอง,TRUE,TRUE,TRUE,
tha,198,จงเลือกประเภทความสัมพันธ์ของ 2 ประโยคนี้\n ประโยคที่ 1: ฉันหมายความว่านั่นคือประเด็นทั้งหมด\nประโยคที่ 2: ฉันเข้าใจประเด็น,(1) entailment\n(2) neutral\n(3) contradiction,(1) คือคำตอบที่ถูกต้เอง,TRUE,TRUE,TRUE,
tha,199,จงเลือกประเภทความสัมพันธ์ของ 2 ประโยคนี้\n ประโยคที่ 1: มันมาจากฐานทัพอากาศที่บินอยู่เหนือคิวบา และแน่นอนว่ารูดอล์ฟ แอนเดอร์สันถูกยิงตก\nประโยคที่ 2: เครื่องบินทุกลำรอดชีวิตโดยไม่ถูกยิง,(1) entailment\n(2) neutral\n(3) contradiction,(3) คือคำตอบที่ถูกต้เอง,TRUE,TRUE,TRUE,
tha,200,จงเลือกประเภทความสัมพันธ์ของ 2 ประโยคนี้\n ประโยคที่ 1: มันมาจากฐานทัพอากาศที่บินอยู่เหนือคิวบา และแน่นอนว่ารูดอล์ฟ แอนเดอร์สันถูกยิงตก\nประโยคที่ 2: มีบางอย่างถูกยิงที่คิวบา,(1) entailment\n(2) neutral\n(3) contradiction,(1) คือคำตอบที่ถูกต้เอง,TRUE,TRUE,TRUE,